Workbook
Name a: #REF!
Name a: #REF!
Name a: #REF!
Name a: #REF!
Name a: #REF!
Name a: #REF!
Name a: #REF!
Name a: #REF!
Name a: #REF!
Name a: #REF!
Name a: #REF!
Name a: #REF!
Name a: #REF!
Name a: #REF!
Name a: #REF!
Name a: #REF!
Name a: #REF!
Name aa: #REF!
Name aa: #REF!
Name aa: #REF!
Name aa: #REF!
Name aa: #REF!
Name aa: #REF!
Name aa: #REF!
Name aa: #REF!
Name aa: #REF!
Name aa: #REF!
Name aa: #REF!
Name aa: #REF!
Name aa: #REF!
Name aa: #REF!
Name aa: #REF!
Name aa: #REF!
Name aaaaa: #REF!
Name aaaaa: #REF!
Name aaaaa: #REF!
Name aaaaa: #REF!
Name aaaaa: #REF!
Name aaaaa: #REF!
Name aaaaa: #REF!
Name aaaaa: #REF!
Name aaaaa: #REF!
Name aaaaa: #REF!
Name aaaaa: #REF!
Name aaaaa: #REF!
Name aaaaa: #REF!
Name aaaaa: #REF!
Name aaaaa: #REF!
Name aaaaa: #REF!
Name auto: Empresas!#REF!
Name autoss: #REF!
Name BB: #REF!
Name BB: #REF!
Name ddd: Empresas!#REF!
Name ddd: Empresas!#REF!
Name ddd: Empresas!#REF!
Name ddd: Empresas!#REF!
Name ddd: Empresas!#REF!
Name ddd: Empresas!#REF!
Name ddd: Empresas!#REF!

Sheet Operacion
B1: FECHA | D1: 46278
B2: Unidad | C2: Q PERS | D2: Titulares | E2: Suplentes | G2: Trabajo 1 | M2: Q PERS | N2: Titulares | O2: Suplentes | Q2: Trabajo 2 | W2: Q PERS | X2: Titulares | Y2: Suplentes | AA2: Trabajo 3 | AG2: Q PERS | AH2: Titulares | AI2: Suplentes | AK2: Trabajo 4
D3: Personal | E3: Equipos | F3: Personal | G3: Seleccione Empresa | I3: OT | J3: 0 | K3: Remito | L3: 0 | N3: Personal | O3: Equipos | P3: Personal | Q3: Seleccione Empresa | S3: OT | T3: 0 | U3: Remito | V3: 0 | X3: Personal | Y3: Equipos | Z3: Personal | AA3: Seleccione Empresa | AC3: OT | AD3: 0 | AE3: Remito | AF3: 0 | AH3: Personal | AI3: Equipos | AJ3: Personal | AK3: Seleccione Empresa | AM3: OT | AN3: 0 | AO3: Remito | AP3: 0
B4: GDU100 | E4: GDU000 | F4: Seleccione Chofer | G4: Cliente: | K4: Hora de Salida | N4: Seleccione Chofer | O4: GDU000 | P4: Seleccione Chofer | Q4: Cliente: | U4: Hora de Salida | X4: Seleccione Chofer | Y4: GDU000 | Z4: Seleccione Chofer | AA4: Cliente: | AE4: Hora de Salida | AH4: Seleccione Chofer | AI4: GDU000 | AJ4: Seleccione Chofer | AK4: Cliente: | AO4: Hora de Salida
B5: =VLOOKUP(B4,tablaequipo,4) -> Camion | E5: GDU000 | F5: Selección Acompanante | G5: Lugar Carga | N5: Selección Acompanante | O5: GDU000 | P5: Selección Acompanante | Q5: Lugar Carga | X5: Selección Acompanante | Y5: GDU000 | Z5: Selección Acompanante | AA5: Lugar Carga | AH5: Selección Acompanante | AI5: GDU000 | AJ5: Selección Acompanante | AK5: Lugar Carga
B6: =VLOOKUP(B4,tablaequipo,6) -> KIA | E6: GDU000 | F6: Selección Acompanante | G6: Contacto | K6: Telefono | N6: Selección Acompanante | O6: GDU000 | P6: Selección Acompanante | Q6: Contacto | U6: Telefono | X6: Selección Acompanante | Y6: GDU000 | Z6: Selección Acompanante | AA6: Contacto | AE6: Telefono | AH6: Selección Acompanante | AI6: GDU000 | AJ6: Selección Acompanante | AK6: Contacto | AO6: Telefono
B7: =VLOOKUP(B4,tablaequipo,7) -> K2500 | E7: GDU000 | F7: Selección Acompanante | G7: Lugar Descarga | N7: Selección Acompanante | O7: GDU000 | P7: Selección Acompanante | Q7: Lugar Descarga | X7: Selección Acompanante | Y7: GDU000 | Z7: Selección Acompanante | AA7: Lugar Descarga | AH7: Selección Acompanante | AI7: GDU000 | AJ7: Selección Acompanante | AK7: Lugar Descarga
B8: =VLOOKUP(B4,tablaequipo,8) -> ONT 594 | E8: GDU000 | F8: Guardia | G8: Contacto | K8: Telefono | N8: Selección Acompanante | O8: GDU000 | P8: Guardia | Q8: Contacto | U8: Telefono | X8: Selección Acompanante | Y8: GDU000 | Z8: Guardia | AA8: Contacto | AE8: Telefono | AH8: Selección Acompanante | AI8: GDU000 | AJ8: Guardia | AK8: Contacto | AO8: Telefono
B9: 0 | E9: GDU000 | F9: Seleccione Chofer | G9: Verificador | H9: Seleccione Verificador | J9: Operador | K9: Selección Operador | N9: Selección Acompanante | O9: GDU000 | P9: Seleccione Chofer | Q9: Verificador | R9: Seleccione Verificador | T9: Operador | U9: Selección Operador | X9: Selección Acompanante | Y9: GDU000 | Z9: Seleccione Chofer | AA9: Verificador | AB9: Seleccione Verificador | AD9: Operador | AE9: Selección Operador | AH9: Selección Acompanante | AI9: GDU000 | AJ9: Seleccione Chofer | AK9: Verificador | AL9: Seleccione Verificador | AN9: Operador | AO9: Selección Operador
B10: =VLOOKUP(B9,tablapermiso,3) -> Seleccione Gestion | E10: GDU000 | F10: Selección Acompanante | G10: 0 | H10: =VLOOKUP(G10,tablaestado,3) -> Seleccione Estado | N10: Selección Acompanante | O10: GDU000 | P10: Selección Acompanante | Q10: 0 | R10: =VLOOKUP(Q10,tablaestado,3) -> Seleccione Estado | X10: Selección Acompanante | Y10: GDU000 | Z10: Selección Acompanante | AA10: 0 | AB10: =VLOOKUP(AA10,tablaestado,3) -> Seleccione Estado | AH10: Selección Acompanante | AI10: GDU000 | AJ10: Selección Acompanante | AK10: 0 | AL10: =VLOOKUP(AK10,tablaestado,3) -> Seleccione Estado
B11: Unidad | C11: Q PERS | D11: Titulares | E11: Suplentes | G11: Trabajo 1 | M11: Q PERS | N11: Titulares | O11: Suplentes | Q11: Trabajo 2 | W11: Q PERS | X11: Titulares | Y11: Suplentes | AA11: Trabajo 3 | AG11: Q PERS | AH11: Titulares | AI11: Suplentes | AK11: Trabajo 4
D12: Personal | E12: Equipos | F12: Personal | G12: Seleccione Empresa | I12: OT | J12: 0 | K12: Remito | L12: 0 | N12: Personal | O12: Equipos | P12: Personal | Q12: Seleccione Empresa | S12: OT | T12: 0 | U12: Remito | V12: 0 | X12: Personal | Y12: Equipos | Z12: Personal | AA12: Seleccione Empresa | AC12: OT | AD12: 0 | AE12: Remito | AF12: 0 | AH12: Personal | AI12: Equipos | AJ12: Personal | AK12: Seleccione Empresa | AM12: OT | AN12: 0 | AO12: Remito | AP12: 0
B13: GDU101 | E13: GDU000 | F13: Seleccione Chofer | G13: Cliente: | K13: Hora de Salida | N13: Seleccione Chofer | O13: GDU000 | P13: Seleccione Chofer | Q13: Cliente: | U13: Hora de Salida | X13: Seleccione Chofer | Y13: GDU000 | Z13: Seleccione Chofer | AA13: Cliente: | AE13: Hora de Salida | AH13: Seleccione Chofer | AI13: GDU000 | AJ13: Seleccione Chofer | AK13: Cliente: | AO13: Hora de Salida
B14: =VLOOKUP(B13,tablaequipo,4) -> Camion | E14: GDU000 | F14: Selección Acompanante | G14: Lugar Carga | N14: Selección Acompanante | O14: GDU000 | P14: Selección Acompanante | Q14: Lugar Carga | X14: Selección Acompanante | Y14: GDU000 | Z14: Selección Acompanante | AA14: Lugar Carga | AH14: Selección Acompanante | AI14: GDU000 | AJ14: Selección Acompanante | AK14: Lugar Carga
B15: =VLOOKUP(B13,tablaequipo,6) -> HYUNDAI | E15: GDU000 | F15: Selección Acompanante | G15: Contacto | K15: Telefono | N15: Selección Acompanante | O15: GDU000 | P15: Selección Acompanante | Q15: Contacto | U15: Telefono | X15: Selección Acompanante | Y15: GDU000 | Z15: Selección Acompanante | AA15: Contacto | AE15: Telefono | AH15: Selección Acompanante | AI15: GDU000 | AJ15: Selección Acompanante | AK15: Contacto | AO15: Telefono
B16: =VLOOKUP(B13,tablaequipo,7) -> HD78 | E16: GDU000 | F16: Selección Acompanante | G16: Lugar Descarga | N16: Selección Acompanante | O16: GDU000 | P16: Selección Acompanante | Q16: Lugar Descarga | X16: Selección Acompanante | Y16: GDU000 | Z16: Selección Acompanante | AA16: Lugar Descarga | AH16: Selección Acompanante | AI16: GDU000 | AJ16: Selección Acompanante | AK16: Lugar Descarga
B17: =VLOOKUP(B13,tablaequipo,8) -> JLM 355 | E17: GDU000 | F17: Guardia | G17: Contacto | K17: Telefono | N17: Selección Acompanante | O17: GDU000 | P17: Guardia | Q17: Contacto | U17: Telefono | X17: Selección Acompanante | Y17: GDU000 | Z17: Guardia | AA17: Contacto | AE17: Telefono | AH17: Selección Acompanante | AI17: GDU000 | AJ17: Guardia | AK17: Contacto | AO17: Telefono
B18: 0 | E18: GDU000 | F18: Seleccione Chofer | G18: Verificador | H18: Seleccione Verificador | J18: Operador | K18: Selección Operador | N18: Selección Acompanante | O18: GDU000 | P18: Seleccione Chofer | Q18: Verificador | R18: Seleccione Verificador | T18: Operador | U18: Selección Operador | X18: Selección Acompanante | Y18: GDU000 | Z18: Seleccione Chofer | AA18: Verificador | AB18: Seleccione Verificador | AD18: Operador | AE18: Selección Operador | AH18: Selección Acompanante | AI18: GDU000 | AJ18: Seleccione Chofer | AK18: Verificador | AL18: Seleccione Verificador | AN18: Operador | AO18: Selección Operador
B19: =VLOOKUP(B18,tablapermiso,3) -> Seleccione Gestion | E19: GDU000 | F19: Selección Acompanante | G19: 0 | H19: =VLOOKUP(G19,tablaestado,3) -> Seleccione Estado | N19: Selección Acompanante | O19: GDU000 | P19: Selección Acompanante | Q19: 0 | R19: =VLOOKUP(Q19,tablaestado,3) -> Seleccione Estado | X19: Selección Acompanante | Y19: GDU000 | Z19: Selección Acompanante | AA19: 0 | AB19: =VLOOKUP(AA19,tablaestado,3) -> Seleccione Estado | AH19: Selección Acompanante | AI19: GDU000 | AJ19: Selección Acompanante | AK19: 0 | AL19: =VLOOKUP(AK19,tablaestado,3) -> Seleccione Estado
B20: Unidad | C20: Q PERS | D20: Titulares | E20: Suplentes | G20: Trabajo 1 | M20: Q PERS | N20: Titulares | O20: Suplentes | Q20: Trabajo 2 | W20: Q PERS | X20: Titulares | Y20: Suplentes | AA20: Trabajo 3 | AG20: Q PERS | AH20: Titulares | AI20: Suplentes | AK20: Trabajo 4
D21: Personal | E21: Equipos | F21: Personal | G21: Seleccione Empresa | I21: OT | J21: 0 | K21: Remito | L21: 0 | N21: Personal | O21: Equipos | P21: Personal | Q21: Seleccione Empresa | S21: OT | T21: 0 | U21: Remito | V21: 0 | X21: Personal | Y21: Equipos | Z21: Personal | AA21: Seleccione Empresa | AC21: OT | AD21: 0 | AE21: Remito | AF21: 0 | AH21: Personal | AI21: Equipos | AJ21: Personal | AK21: Seleccione Empresa | AM21: OT | AN21: 0 | AO21: Remito | AP21: 0
B22: GDU105 | D22: Seleccione Chofer | E22: GDU000 | F22: Seleccione Chofer | G22: Cliente: | K22: Hora de Salida | N22: Seleccione Chofer | O22: GDU000 | P22: Seleccione Chofer | Q22: Cliente: | U22: Hora de Salida | X22: Seleccione Chofer | Y22: GDU000 | Z22: Seleccione Chofer | AA22: Cliente: | AE22: Hora de Salida | AH22: Seleccione Chofer | AI22: GDU000 | AJ22: Seleccione Chofer | AK22: Cliente: | AO22: Hora de Salida
B23: =VLOOKUP(B22,tablaequipo,4) -> Camion | D23: Selección Acompanante | E23: GDU000 | F23: Selección Acompanante | G23: Lugar Carga | N23: Selección Acompanante | O23: GDU000 | P23: Selección Acompanante | Q23: Lugar Carga | X23: Selección Acompanante | Y23: GDU000 | Z23: Selección Acompanante | AA23: Lugar Carga | AH23: Selección Acompanante | AI23: GDU000 | AJ23: Selección Acompanante | AK23: Lugar Carga
B24: =VLOOKUP(B22,tablaequipo,6) -> VOLKSWAGEN | D24: Selección Acompanante | E24: GDU000 | F24: Selección Acompanante | G24: Contacto | K24: Telefono | N24: Selección Acompanante | O24: GDU000 | P24: Selección Acompanante | Q24: Contacto | U24: Telefono | X24: Selección Acompanante | Y24: GDU000 | Z24: Selección Acompanante | AA24: Contacto | AE24: Telefono | AH24: Selección Acompanante | AI24: GDU000 | AJ24: Selección Acompanante | AK24: Contacto | AO24: Telefono
B25: =VLOOKUP(B22,tablaequipo,7) -> 9150 | D25: Selección Acompanante | E25: GDU000 | F25: Selección Acompanante | G25: Lugar Descarga | N25: Selección Acompanante | O25: GDU000 | P25: Selección Acompanante | Q25: Lugar Descarga | X25: Selección Acompanante | Y25: GDU000 | Z25: Selección Acompanante | AA25: Lugar Descarga | AH25: Selección Acompanante | AI25: GDU000 | AJ25: Selección Acompanante | AK25: Lugar Descarga
B26: =VLOOKUP(B22,tablaequipo,8) -> MRF 907 | D26: Selección Acompanante | E26: GDU000 | F26: Guardia | G26: Contacto | K26: Telefono | N26: Selección Acompanante | O26: GDU000 | P26: Guardia | Q26: Contacto | U26: Telefono | X26: Selección Acompanante | Y26: GDU000 | Z26: Guardia | AA26: Contacto | AE26: Telefono | AH26: Selección Acompanante | AI26: GDU000 | AJ26: Guardia | AK26: Contacto | AO26: Telefono
B27: 0 | D27: Selección Acompanante | E27: GDU000 | F27: Seleccione Chofer | G27: Verificador | H27: Seleccione Verificador | J27: Operador | K27: Selección Operador | N27: Selección Acompanante | O27: GDU000 | P27: Seleccione Chofer | Q27: Verificador | R27: Seleccione Verificador | T27: Operador | U27: Selección Operador | X27: Selección Acompanante | Y27: GDU000 | Z27: Seleccione Chofer | AA27: Verificador | AB27: Seleccione Verificador | AD27: Operador | AE27: Selección Operador | AH27: Selección Acompanante | AI27: GDU000 | AJ27: Seleccione Chofer | AK27: Verificador | AL27: Seleccione Verificador | AN27: Operador | AO27: Selección Operador
B28: =VLOOKUP(B27,tablapermiso,3) -> Seleccione Gestion | D28: Selección Acompanante | E28: GDU000 | F28: Selección Acompanante | G28: 0 | H28: =VLOOKUP(G28,tablaestado,3) -> Seleccione Estado | N28: Selección Acompanante | O28: GDU000 | P28: Selección Acompanante | Q28: 0 | R28: =VLOOKUP(Q28,tablaestado,3) -> Seleccione Estado | X28: Selección Acompanante | Y28: GDU000 | Z28: Selección Acompanante | AA28: 0 | AB28: =VLOOKUP(AA28,tablaestado,3) -> Seleccione Estado | AH28: Selección Acompanante | AI28: GDU000 | AJ28: Selección Acompanante | AK28: 0 | AL28: =VLOOKUP(AK28,tablaestado,3) -> Seleccione Estado
B29: Unidad | C29: Q PERS | D29: Titulares | E29: Suplentes | G29: Trabajo 1 | M29: Q PERS | N29: Titulares | O29: Suplentes | Q29: Trabajo 2 | W29: Q PERS | X29: Titulares | Y29: Suplentes | AA29: Trabajo 3 | AG29: Q PERS | AH29: Titulares | AI29: Suplentes | AK29: Trabajo 4
D30: Personal | E30: Equipos | F30: Personal | G30: Seleccione Empresa | I30: OT | J30: 0 | K30: Remito | L30: 0 | N30: Personal | O30: Equipos | P30: Personal | Q30: Seleccione Empresa | S30: OT | T30: 0 | U30: Remito | V30: 0 | X30: Personal | Y30: Equipos | Z30: Personal | AA30: Seleccione Empresa | AC30: OT | AD30: 0 | AE30: Remito | AF30: 0 | AH30: Personal | AI30: Equipos | AJ30: Personal | AK30: Seleccione Empresa | AM30: OT | AN30: 0 | AO30: Remito | AP30: 0
B31: GDU106 | D31: Seleccione Chofer | E31: GDU000 | F31: Seleccione Chofer | G31: Cliente: | K31: Hora de Salida | N31: Seleccione Chofer | O31: GDU000 | P31: Seleccione Chofer | Q31: Cliente: | U31: Hora de Salida | X31: Seleccione Chofer | Y31: GDU000 | Z31: Seleccione Chofer | AA31: Cliente: | AE31: Hora de Salida | AH31: Seleccione Chofer | AI31: GDU000 | AJ31: Seleccione Chofer | AK31: Cliente: | AO31: Hora de Salida
B32: =VLOOKUP(B31,tablaequipo,4) -> Camion | D32: Selección Acompanante | E32: GDU000 | F32: Selección Acompanante | G32: Lugar Carga | N32: Selección Acompanante | O32: GDU000 | P32: Selección Acompanante | Q32: Lugar Carga | X32: Selección Acompanante | Y32: GDU000 | Z32: Selección Acompanante | AA32: Lugar Carga | AH32: Selección Acompanante | AI32: GDU000 | AJ32: Selección Acompanante | AK32: Lugar Carga
B33: =VLOOKUP(B31,tablaequipo,6) -> IVECO | D33: Selección Acompanante | E33: GDU000 | F33: Guardia | G33: Contacto | K33: Telefono | N33: Selección Acompanante | O33: GDU000 | P33: Guardia | Q33: Contacto | U33: Telefono | X33: Selección Acompanante | Y33: GDU000 | Z33: Guardia | AA33: Contacto | AE33: Telefono | AH33: Selección Acompanante | AI33: GDU000 | AJ33: Guardia | AK33: Contacto | AO33: Telefono
B34: =VLOOKUP(B31,tablaequipo,7) -> EURO 220 | D34: Selección Acompanante | E34: GDU000 | F34: Seleccione Chofer | G34: Lugar Descarga | N34: Selección Acompanante | O34: GDU000 | P34: Seleccione Chofer | Q34: Lugar Descarga | X34: Selección Acompanante | Y34: GDU000 | Z34: Seleccione Chofer | AA34: Lugar Descarga | AH34: Selección Acompanante | AI34: GDU000 | AJ34: Seleccione Chofer | AK34: Lugar Descarga
B35: =VLOOKUP(B31,tablaequipo,8) -> HOD 216 | D35: Selección Acompanante | E35: GDU000 | F35: Selección Acompanante | G35: Contacto | K35: Telefono | N35: Selección Acompanante | O35: GDU000 | P35: Selección Acompanante | Q35: Contacto | U35: Telefono | X35: Selección Acompanante | Y35: GDU000 | Z35: Selección Acompanante | AA35: Contacto | AE35: Telefono | AH35: Selección Acompanante | AI35: GDU000 | AJ35: Selección Acompanante | AK35: Contacto | AO35: Telefono
B36: 0 | D36: Selección Acompanante | E36: GDU000 | F36: GDU000 | G36: Verificador | H36: Seleccione Verificador | J36: Operador | K36: Selección Operador | N36: Selección Acompanante | O36: GDU000 | P36: GDU000 | Q36: Verificador | R36: Seleccione Verificador | T36: Operador | U36: Selección Operador | X36: Selección Acompanante | Y36: GDU000 | Z36: GDU000 | AA36: Verificador | AB36: Seleccione Verificador | AD36: Operador | AE36: Selección Operador | AH36: Selección Acompanante | AI36: GDU000 | AJ36: GDU000 | AK36: Verificador | AL36: Seleccione Verificador | AN36: Operador | AO36: Selección Operador
B37: =VLOOKUP(B36,tablapermiso,3) -> Seleccione Gestion | D37: Selección Acompanante | E37: GDU000 | F37: =VLOOKUP(F36,tablatractor,3) -> Seleccione Equipo | G37: 0 | H37: =VLOOKUP(G37,tablaestado,3) -> Seleccione Estado | N37: Selección Acompanante | O37: GDU000 | P37: =VLOOKUP(P36,tablatractor,3) -> Seleccione Equipo | Q37: 0 | R37: =VLOOKUP(Q37,tablaestado,3) -> Seleccione Estado | X37: Selección Acompanante | Y37: GDU000 | Z37: =VLOOKUP(Z36,tablatractor,3) -> Seleccione Equipo | AA37: 0 | AB37: =VLOOKUP(AA37,tablaestado,3) -> Seleccione Estado | AH37: Selección Acompanante | AI37: GDU000 | AJ37: =VLOOKUP(AJ36,tablatractor,3) -> Seleccione Equipo | AK37: 0 | AL37: =VLOOKUP(AK37,tablaestado,3) -> Seleccione Estado
B38: Unidad | C38: Q PERS | D38: Titulares | E38: Suplentes | G38: Trabajo 1 | M38: Q PERS | N38: Titulares | O38: Suplentes | Q38: Trabajo 2 | W38: Q PERS | X38: Titulares | Y38: Suplentes | AA38: Trabajo 3 | AG38: Q PERS | AH38: Titulares | AI38: Suplentes | AK38: Trabajo 4
D39: Personal | E39: Equipos | F39: Personal | G39: Seleccione Empresa | I39: OT | J39: 0 | K39: Remito | L39: 0 | N39: Personal | O39: Equipos | P39: Personal | Q39: Seleccione Empresa | S39: OT | T39: 0 | U39: Remito | V39: 0 | X39: Personal | Y39: Equipos | Z39: Personal | AA39: Seleccione Empresa | AC39: OT | AD39: 0 | AE39: Remito | AF39: 0 | AH39: Personal | AI39: Equipos | AJ39: Personal | AK39: Seleccione Empresa | AM39: OT | AN39: 0 | AO39: Remito | AP39: 0
B40: GDU110 | D40: Seleccione Chofer | E40: GDU000 | F40: Seleccione Chofer | G40: Cliente: | K40: Hora de Salida | N40: Seleccione Chofer | O40: GDU000 | P40: Seleccione Chofer | Q40: Cliente: | U40: Hora de Salida | X40: Seleccione Chofer | Y40: GDU000 | Z40: Seleccione Chofer | AA40: Cliente: | AE40: Hora de Salida | AH40: Seleccione Chofer | AI40: GDU000 | AJ40: Seleccione Chofer | AK40: Cliente: | AO40: Hora de Salida
B41: =VLOOKUP(B40,tablaequipo,4) -> Camion | D41: Selección Acompanante | E41: GDU000 | F41: Selección Acompanante | G41: Lugar Carga | N41: Selección Acompanante | O41: GDU000 | P41: Selección Acompanante | Q41: Lugar Carga | X41: Selección Acompanante | Y41: GDU000 | Z41: Selección Acompanante | AA41: Lugar Carga | AH41: Selección Acompanante | AI41: GDU000 | AJ41: Selección Acompanante | AK41: Lugar Carga
B42: =VLOOKUP(B40,tablaequipo,6) -> IVECO | D42: Selección Acompanante | E42: GDU000 | F42: Selección Acompanante | G42: Contacto | K42: Telefono | N42: Selección Acompanante | O42: GDU000 | P42: Selección Acompanante | Q42: Contacto | U42: Telefono | X42: Selección Acompanante | Y42: GDU000 | Z42: Selección Acompanante | AA42: Contacto | AE42: Telefono | AH42: Selección Acompanante | AI42: GDU000 | AJ42: Selección Acompanante | AK42: Contacto | AO42: Telefono
B43: =VLOOKUP(B40,tablaequipo,7) -> 170 E 22 | D43: Selección Acompanante | E43: GDU000 | F43: Selección Acompanante | G43: Lugar Descarga | N43: Selección Acompanante | O43: GDU000 | P43: Selección Acompanante | Q43: Lugar Descarga | X43: Selección Acompanante | Y43: GDU000 | Z43: Selección Acompanante | AA43: Lugar Descarga | AH43: Selección Acompanante | AI43: GDU000 | AJ43: Selección Acompanante | AK43: Lugar Descarga
B44: =VLOOKUP(B40,tablaequipo,8) -> AC 223 HV | D44: Selección Acompanante | E44: GDU000 | F44: Guardia | G44: Contacto | K44: Telefono | N44: Selección Acompanante | O44: GDU000 | P44: Guardia | Q44: Contacto | U44: Telefono | X44: Selección Acompanante | Y44: GDU000 | Z44: Guardia | AA44: Contacto | AE44: Telefono | AH44: Selección Acompanante | AI44: GDU000 | AJ44: Guardia | AK44: Contacto | AO44: Telefono
B45: 0 | D45: Selección Acompanante | E45: GDU000 | F45: Seleccione Chofer | G45: Verificador | H45: Seleccione Verificador | J45: Operador | K45: Selección Operador | N45: Selección Acompanante | O45: GDU000 | P45: Seleccione Chofer | Q45: Verificador | R45: Seleccione Verificador | T45: Operador | U45: Selección Operador | X45: Selección Acompanante | Y45: GDU000 | Z45: Seleccione Chofer | AA45: Verificador | AB45: Seleccione Verificador | AD45: Operador | AE45: Selección Operador | AH45: Selección Acompanante | AI45: GDU000 | AJ45: Seleccione Chofer | AK45: Verificador | AL45: Seleccione Verificador | AN45: Operador | AO45: Selección Operador
B46: =VLOOKUP(B45,tablapermiso,3) -> Seleccione Gestion | D46: Selección Acompanante | E46: GDU000 | F46: Selección Acompanante | G46: 0 | H46: =VLOOKUP(G46,tablaestado,3) -> Seleccione Estado | N46: Selección Acompanante | O46: GDU000 | P46: Selección Acompanante | Q46: 0 | R46: =VLOOKUP(Q46,tablaestado,3) -> Seleccione Estado | X46: Selección Acompanante | Y46: GDU000 | Z46: Selección Acompanante | AA46: 0 | AB46: =VLOOKUP(AA46,tablaestado,3) -> Seleccione Estado | AH46: Selección Acompanante | AI46: GDU000 | AJ46: Selección Acompanante | AK46: 0 | AL46: =VLOOKUP(AK46,tablaestado,3) -> Seleccione Estado
B47: Unidad | C47: Q PERS | D47: Titulares | E47: Suplentes | G47: Trabajo 1 | M47: Q PERS | N47: Titulares | O47: Suplentes | Q47: Trabajo 2 | W47: Q PERS | X47: Titulares | Y47: Suplentes | AA47: Trabajo 3 | AG47: Q PERS | AH47: Titulares | AI47: Suplentes | AK47: Trabajo 4
D48: Personal | E48: Equipos | F48: Personal | G48: Seleccione Empresa | I48: OT | J48: 0 | K48: Remito | L48: 0 | N48: Personal | O48: Equipos | P48: Personal | Q48: Seleccione Empresa | S48: OT | T48: 0 | U48: Remito | V48: 0 | X48: Personal | Y48: Equipos | Z48: Personal | AA48: Seleccione Empresa | AC48: OT | AD48: 0 | AE48: Remito | AF48: 0 | AH48: Personal | AI48: Equipos | AJ48: Personal | AK48: Seleccione Empresa | AM48: OT | AN48: 0 | AO48: Remito | AP48: 0
B49: 111 | D49: Seleccione Chofer | E49: GDU000 | F49: Seleccione Chofer | G49: Cliente: | K49: Hora de Salida | N49: Seleccione Chofer | O49: GDU000 | P49: Seleccione Chofer | Q49: Cliente: | U49: Hora de Salida | X49: Seleccione Chofer | Y49: GDU000 | Z49: Seleccione Chofer | AA49: Cliente: | AE49: Hora de Salida | AH49: Seleccione Chofer | AI49: GDU000 | AJ49: Seleccione Chofer | AK49: Cliente: | AO49: Hora de Salida
B50: =VLOOKUP(B49,tablaequipo,4) -> Camion | D50: Selección Acompanante | E50: GDU000 | F50: Selección Acompanante | G50: Lugar Carga | N50: Selección Acompanante | O50: GDU000 | P50: Selección Acompanante | Q50: Lugar Carga | X50: Selección Acompanante | Y50: GDU000 | Z50: Selección Acompanante | AA50: Lugar Carga | AH50: Selección Acompanante | AI50: GDU000 | AJ50: Selección Acompanante | AK50: Lugar Carga
B51: =VLOOKUP(B49,tablaequipo,6) -> IVECO | D51: Selección Acompanante | E51: GDU000 | F51: Guardia | G51: Contacto | K51: Telefono | N51: Selección Acompanante | O51: GDU000 | P51: Guardia | Q51: Contacto | U51: Telefono | X51: Selección Acompanante | Y51: GDU000 | Z51: Guardia | AA51: Contacto | AE51: Telefono | AH51: Selección Acompanante | AI51: GDU000 | AJ51: Guardia | AK51: Contacto | AO51: Telefono
B52: =VLOOKUP(B49,tablaequipo,7) -> DS - 240 | D52: Selección Acompanante | E52: GDU000 | F52: Seleccione Chofer | G52: Lugar Descarga | N52: Selección Acompanante | O52: GDU000 | P52: Seleccione Chofer | Q52: Lugar Descarga | X52: Selección Acompanante | Y52: GDU000 | Z52: Seleccione Chofer | AA52: Lugar Descarga | AH52: Selección Acompanante | AI52: GDU000 | AJ52: Seleccione Chofer | AK52: Lugar Descarga
B53: =VLOOKUP(B49,tablaequipo,8) -> AF009EJ | D53: Selección Acompanante | E53: GDU000 | F53: Selección Acompanante | G53: Contacto | K53: Telefono | N53: Selección Acompanante | O53: GDU000 | P53: Selección Acompanante | Q53: Contacto | U53: Telefono | X53: Selección Acompanante | Y53: GDU000 | Z53: Selección Acompanante | AA53: Contacto | AE53: Telefono | AH53: Selección Acompanante | AI53: GDU000 | AJ53: Selección Acompanante | AK53: Contacto | AO53: Telefono
B54: 0 | D54: Selección Acompanante | E54: GDU000 | F54: GDU000 | G54: Verificador | H54: Seleccione Verificador | J54: Operador | K54: Selección Operador | N54: Selección Acompanante | O54: GDU000 | P54: GDU000 | Q54: Verificador | R54: Seleccione Verificador | T54: Operador | U54: Selección Operador | X54: Selección Acompanante | Y54: GDU000 | Z54: GDU000 | AA54: Verificador | AB54: Seleccione Verificador | AD54: Operador | AE54: Selección Operador | AH54: Selección Acompanante | AI54: GDU000 | AJ54: GDU000 | AK54: Verificador | AL54: Seleccione Verificador | AN54: Operador | AO54: Selección Operador
B55: =VLOOKUP(B54,tablapermiso,3) -> Seleccione Gestion | D55: Selección Acompanante | E55: GDU000 | F55: =VLOOKUP(F54,tablatractor,3) -> Seleccione Equipo | G55: 0 | H55: =VLOOKUP(G55,tablaestado,3) -> Seleccione Estado | N55: Selección Acompanante | O55: GDU000 | P55: =VLOOKUP(P54,tablatractor,3) -> Seleccione Equipo | Q55: 0 | R55: =VLOOKUP(Q55,tablaestado,3) -> Seleccione Estado | X55: Selección Acompanante | Y55: GDU000 | Z55: =VLOOKUP(Z54,tablatractor,3) -> Seleccione Equipo | AA55: 0 | AB55: =VLOOKUP(AA55,tablaestado,3) -> Seleccione Estado | AH55: Selección Acompanante | AI55: GDU000 | AJ55: =VLOOKUP(AJ54,tablatractor,3) -> Seleccione Equipo | AK55: 0 | AL55: =VLOOKUP(AK55,tablaestado,3) -> Seleccione Estado
B56: Unidad | C56: Q PERS | D56: Titulares | E56: Suplentes | G56: Trabajo 1 | M56: Q PERS | N56: Titulares | O56: Suplentes | Q56: Trabajo 2 | W56: Q PERS | X56: Titulares | Y56: Suplentes | AA56: Trabajo 3 | AG56: Q PERS | AH56: Titulares | AI56: Suplentes | AK56: Trabajo 4
D57: Personal | E57: Equipos | F57: Personal | G57: Seleccione Empresa | I57: OT | J57: 0 | K57: Remito | L57: 0 | N57: Personal | O57: Equipos | P57: Personal | Q57: Seleccione Empresa | S57: OT | T57: 0 | U57: Remito | V57: 0 | X57: Personal | Y57: Equipos | Z57: Personal | AA57: Seleccione Empresa | AC57: OT | AD57: 0 | AE57: Remito | AF57: 0 | AH57: Personal | AI57: Equipos | AJ57: Personal | AK57: Seleccione Empresa | AM57: OT | AN57: 0 | AO57: Remito | AP57: 0
B58: GDU113 | D58: Seleccione Chofer | E58: GDU000 | F58: Seleccione Chofer | G58: Cliente: | K58: Hora de Salida | N58: Seleccione Chofer | O58: GDU000 | P58: Seleccione Chofer | Q58: Cliente: | U58: Hora de Salida | X58: Seleccione Chofer | Y58: GDU000 | Z58: Seleccione Chofer | AA58: Cliente: | AE58: Hora de Salida | AH58: Seleccione Chofer | AI58: GDU000 | AJ58: Seleccione Chofer | AK58: Cliente: | AO58: Hora de Salida
B59: =VLOOKUP(B58,tablaequipo,4) -> Camion | D59: Selección Acompanante | E59: GDU000 | F59: Selección Acompanante | G59: Lugar Carga | N59: Selección Acompanante | O59: GDU000 | P59: Selección Acompanante | Q59: Lugar Carga | X59: Selección Acompanante | Y59: GDU000 | Z59: Selección Acompanante | AA59: Lugar Carga | AH59: Selección Acompanante | AI59: GDU000 | AJ59: Selección Acompanante | AK59: Lugar Carga
B60: =VLOOKUP(B58,tablaequipo,6) -> IVECO | D60: Selección Acompanante | E60: GDU000 | F60: Guardia | G60: Contacto | K60: Telefono | N60: Selección Acompanante | O60: GDU000 | P60: Guardia | Q60: Contacto | U60: Telefono | X60: Selección Acompanante | Y60: GDU000 | Z60: Guardia | AA60: Contacto | AE60: Telefono | AH60: Selección Acompanante | AI60: GDU000 | AJ60: Guardia | AK60: Contacto | AO60: Telefono
B61: =VLOOKUP(B58,tablaequipo,7) -> TECTOR 240 | D61: Selección Acompanante | E61: GDU000 | F61: Seleccione Chofer | G61: Lugar Descarga | N61: Selección Acompanante | O61: GDU000 | P61: Seleccione Chofer | Q61: Lugar Descarga | X61: Selección Acompanante | Y61: GDU000 | Z61: Seleccione Chofer | AA61: Lugar Descarga | AH61: Selección Acompanante | AI61: GDU000 | AJ61: Seleccione Chofer | AK61: Lugar Descarga
B62: =VLOOKUP(B58,tablaequipo,8) -> AG368PJ | D62: Selección Acompanante | E62: GDU000 | F62: Selección Acompanante | G62: Contacto | K62: Telefono | N62: Selección Acompanante | O62: GDU000 | P62: Selección Acompanante | Q62: Contacto | U62: Telefono | X62: Selección Acompanante | Y62: GDU000 | Z62: Selección Acompanante | AA62: Contacto | AE62: Telefono | AH62: Selección Acompanante | AI62: GDU000 | AJ62: Selección Acompanante | AK62: Contacto | AO62: Telefono
B63: 0 | D63: Selección Acompanante | E63: GDU000 | F63: GDU000 | G63: Verificador | H63: Seleccione Verificador | J63: Operador | K63: Selección Operador | N63: Selección Acompanante | O63: GDU000 | P63: GDU000 | Q63: Verificador | R63: Seleccione Verificador | T63: Operador | U63: Selección Operador | X63: Selección Acompanante | Y63: GDU000 | Z63: GDU000 | AA63: Verificador | AB63: Seleccione Verificador | AD63: Operador | AE63: Selección Operador | AH63: Selección Acompanante | AI63: GDU000 | AJ63: GDU000 | AK63: Verificador | AL63: Seleccione Verificador | AN63: Operador | AO63: Selección Operador
B64: =VLOOKUP(B63,tablapermiso,3) -> Seleccione Gestion | D64: Selección Acompanante | E64: GDU000 | F64: =VLOOKUP(F63,tablatractor,3) -> Seleccione Equipo | G64: 0 | H64: =VLOOKUP(G64,tablaestado,3) -> Seleccione Estado | N64: Selección Acompanante | O64: GDU000 | P64: =VLOOKUP(P63,tablatractor,3) -> Seleccione Equipo | Q64: 0 | R64: =VLOOKUP(Q64,tablaestado,3) -> Seleccione Estado | X64: Selección Acompanante | Y64: GDU000 | Z64: =VLOOKUP(Z63,tablatractor,3) -> Seleccione Equipo | AA64: 0 | AB64: =VLOOKUP(AA64,tablaestado,3) -> Seleccione Estado | AH64: Selección Acompanante | AI64: GDU000 | AJ64: =VLOOKUP(AJ63,tablatractor,3) -> Seleccione Equipo | AK64: 0 | AL64: =VLOOKUP(AK64,tablaestado,3) -> Seleccione Estado
B65: Unidad | C65: Q PERS | D65: Titulares | E65: Suplentes | G65: Trabajo 1 | M65: Q PERS | N65: Titulares | O65: Suplentes | Q65: Trabajo 2 | W65: Q PERS | X65: Titulares | Y65: Suplentes | AA65: Trabajo 3 | AG65: Q PERS | AH65: Titulares | AI65: Suplentes | AK65: Trabajo 4
D66: Personal | E66: Equipos | F66: Personal | G66: Seleccione Empresa | I66: OT | J66: 0 | K66: Remito | L66: 0 | N66: Personal | O66: Equipos | P66: Personal | Q66: Seleccione Empresa | S66: OT | T66: 0 | U66: Remito | V66: 0 | X66: Personal | Y66: Equipos | Z66: Personal | AA66: Seleccione Empresa | AC66: OT | AD66: 0 | AE66: Remito | AF66: 0 | AH66: Personal | AI66: Equipos | AJ66: Personal | AK66: Seleccione Empresa | AM66: OT | AN66: 0 | AO66: Remito | AP66: 0
B67: GDU109 | D67: Seleccione Chofer | E67: GDU000 | F67: Seleccione Chofer | G67: Cliente: | K67: Hora de Salida | N67: Seleccione Chofer | O67: GDU000 | P67: Seleccione Chofer | Q67: Cliente: | U67: Hora de Salida | X67: Seleccione Chofer | Y67: GDU000 | Z67: Seleccione Chofer | AA67: Cliente: | AE67: Hora de Salida | AH67: Seleccione Chofer | AI67: GDU000 | AJ67: Seleccione Chofer | AK67: Cliente: | AO67: Hora de Salida
B68: =VLOOKUP(B67,tablaequipo,4) -> Tractor | D68: Selección Acompanante | E68: GDU000 | F68: Selección Acompanante | G68: Lugar Carga | N68: Selección Acompanante | O68: GDU000 | P68: Selección Acompanante | Q68: Lugar Carga | X68: Selección Acompanante | Y68: GDU000 | Z68: Selección Acompanante | AA68: Lugar Carga | AH68: Selección Acompanante | AI68: GDU000 | AJ68: Selección Acompanante | AK68: Lugar Carga
B69: =VLOOKUP(B67,tablaequipo,6) -> SCANIA | D69: Selección Acompanante | E69: GDU000 | F69: Guardia | G69: Contacto | K69: Telefono | N69: Selección Acompanante | O69: GDU000 | P69: Guardia | Q69: Contacto | U69: Telefono | X69: Selección Acompanante | Y69: GDU000 | Z69: Guardia | AA69: Contacto | AE69: Telefono | AH69: Selección Acompanante | AI69: GDU000 | AJ69: Guardia | AK69: Contacto | AO69: Telefono
B70: =VLOOKUP(B67,tablaequipo,7) -> G410 | D70: Selección Acompanante | E70: GDU000 | F70: Seleccione Chofer | G70: Lugar Descarga | N70: Selección Acompanante | O70: GDU000 | P70: Seleccione Chofer | Q70: Lugar Descarga | X70: Selección Acompanante | Y70: GDU000 | Z70: Seleccione Chofer | AA70: Lugar Descarga | AH70: Selección Acompanante | AI70: GDU000 | AJ70: Seleccione Chofer | AK70: Lugar Descarga
B71: =VLOOKUP(B67,tablaequipo,8) -> PBA 177 | D71: Selección Acompanante | E71: GDU000 | F71: Selección Acompanante | G71: Contacto | K71: Telefono | N71: Selección Acompanante | O71: GDU000 | P71: Selección Acompanante | Q71: Contacto | U71: Telefono | X71: Selección Acompanante | Y71: GDU000 | Z71: Selección Acompanante | AA71: Contacto | AE71: Telefono | AH71: Selección Acompanante | AI71: GDU000 | AJ71: Selección Acompanante | AK71: Contacto | AO71: Telefono
B72: 0 | D72: Selección Acompanante | E72: GDU000 | F72: GDU200 | G72: Verificador | H72: Seleccione Verificador | J72: Operador | K72: Selección Operador | N72: Selección Acompanante | O72: GDU000 | P72: GDU000 | Q72: Verificador | R72: Seleccione Verificador | T72: Operador | U72: Selección Operador | X72: Selección Acompanante | Y72: GDU000 | Z72: GDU000 | AA72: Verificador | AB72: Seleccione Verificador | AD72: Operador | AE72: Selección Operador | AH72: Selección Acompanante | AI72: GDU000 | AJ72: GDU000 | AK72: Verificador | AL72: Seleccione Verificador | AN72: Operador | AO72: Selección Operador
B73: =VLOOKUP(B72,tablapermiso,3) -> Seleccione Gestion | D73: Selección Acompanante | E73: GDU000 | F73: =VLOOKUP(F72,tablatractor,3) -> Carreton | G73: 0 | H73: =VLOOKUP(G73,tablaestado,3) -> Seleccione Estado | N73: Selección Acompanante | O73: GDU000 | P73: =VLOOKUP(P72,tablatractor,3) -> Seleccione Equipo | Q73: 0 | R73: =VLOOKUP(Q73,tablaestado,3) -> Seleccione Estado | X73: Selección Acompanante | Y73: GDU000 | Z73: =VLOOKUP(Z72,tablatractor,3) -> Seleccione Equipo | AA73: 0 | AB73: =VLOOKUP(AA73,tablaestado,3) -> Seleccione Estado | AH73: Selección Acompanante | AI73: GDU000 | AJ73: =VLOOKUP(AJ72,tablatractor,3) -> Seleccione Equipo | AK73: 0 | AL73: =VLOOKUP(AK73,tablaestado,3) -> Seleccione Estado
B74: Unidad | C74: Q PERS | D74: Titulares | E74: Suplentes | G74: Trabajo 1 | M74: Q PERS | N74: Titulares | O74: Suplentes | Q74: Trabajo 2 | W74: Q PERS | X74: Titulares | Y74: Suplentes | AA74: Trabajo 3 | AG74: Q PERS | AH74: Titulares | AI74: Suplentes | AK74: Trabajo 4
D75: Personal | E75: Equipos | F75: Personal | G75: Seleccione Empresa | I75: OT | J75: 0 | K75: Remito | L75: 0 | N75: Personal | O75: Equipos | P75: Personal | Q75: Seleccione Empresa | S75: OT | T75: 0 | U75: Remito | V75: 0 | X75: Personal | Y75: Equipos | Z75: Personal | AA75: Seleccione Empresa | AC75: OT | AD75: 0 | AE75: Remito | AF75: 0 | AH75: Personal | AI75: Equipos | AJ75: Personal | AK75: Seleccione Empresa | AM75: OT | AN75: 0 | AO75: Remito | AP75: 0
B76: GDU112 | D76: Seleccione Chofer | E76: GDU000 | F76: Seleccione Chofer | G76: Cliente: | K76: Hora de Salida | N76: Seleccione Chofer | O76: GDU000 | P76: Seleccione Chofer | Q76: Cliente: | U76: Hora de Salida | X76: Seleccione Chofer | Y76: GDU000 | Z76: Seleccione Chofer | AA76: Cliente: | AE76: Hora de Salida | AH76: Seleccione Chofer | AI76: GDU000 | AJ76: Seleccione Chofer | AK76: Cliente: | AO76: Hora de Salida
B77: =VLOOKUP(B76,tablaequipo,4) -> Tractor | D77: Selección Acompanante | E77: GDU000 | F77: Selección Acompanante | G77: Lugar Carga | N77: Selección Acompanante | O77: GDU000 | P77: Selección Acompanante | Q77: Lugar Carga | X77: Selección Acompanante | Y77: GDU000 | Z77: Selección Acompanante | AA77: Lugar Carga | AH77: Selección Acompanante | AI77: GDU000 | AJ77: Selección Acompanante | AK77: Lugar Carga
B78: =VLOOKUP(B76,tablaequipo,6) -> IVECO | D78: Selección Acompanante | E78: GDU000 | F78: Guardia | G78: Contacto | K78: Telefono | N78: Selección Acompanante | O78: GDU000 | P78: Guardia | Q78: Contacto | U78: Telefono | X78: Selección Acompanante | Y78: GDU000 | Z78: Guardia | AA78: Contacto | AE78: Telefono | AH78: Selección Acompanante | AI78: GDU000 | AJ78: Guardia | AK78: Contacto | AO78: Telefono
B79: =VLOOKUP(B76,tablaequipo,7) -> STRALIS - 440 | D79: Selección Acompanante | E79: GDU000 | F79: Seleccione Chofer | G79: Lugar Descarga | N79: Selección Acompanante | O79: GDU000 | P79: Seleccione Chofer | Q79: Lugar Descarga | X79: Selección Acompanante | Y79: GDU000 | Z79: Seleccione Chofer | AA79: Lugar Descarga | AH79: Selección Acompanante | AI79: GDU000 | AJ79: Seleccione Chofer | AK79: Lugar Descarga
B80: =VLOOKUP(B76,tablaequipo,8) -> AF442SD | D80: Selección Acompanante | E80: GDU000 | F80: Selección Acompanante | G80: Contacto | K80: Telefono | N80: Selección Acompanante | O80: GDU000 | P80: Selección Acompanante | Q80: Contacto | U80: Telefono | X80: Selección Acompanante | Y80: GDU000 | Z80: Selección Acompanante | AA80: Contacto | AE80: Telefono | AH80: Selección Acompanante | AI80: GDU000 | AJ80: Selección Acompanante | AK80: Contacto | AO80: Telefono
B81: 0 | D81: Selección Acompanante | E81: GDU000 | F81: GDU300 | G81: Verificador | H81: Seleccione Verificador | J81: Operador | K81: Selección Operador | N81: Selección Acompanante | O81: GDU000 | P81: GDU000 | Q81: Verificador | R81: Seleccione Verificador | T81: Operador | U81: Selección Operador | X81: Selección Acompanante | Y81: GDU000 | Z81: GDU000 | AA81: Verificador | AB81: Seleccione Verificador | AD81: Operador | AE81: Selección Operador | AH81: Selección Acompanante | AI81: GDU000 | AJ81: GDU000 | AK81: Verificador | AL81: Seleccione Verificador | AN81: Operador | AO81: Selección Operador
B82: =VLOOKUP(B81,tablapermiso,3) -> Seleccione Gestion | D82: Selección Acompanante | E82: GDU000 | F82: =VLOOKUP(F81,tablatractor,3) -> Semirremolque | G82: 0 | H82: =VLOOKUP(G82,tablaestado,3) -> Seleccione Estado | N82: Selección Acompanante | O82: GDU000 | P82: =VLOOKUP(P81,tablatractor,3) -> Seleccione Equipo | Q82: 0 | R82: =VLOOKUP(Q82,tablaestado,3) -> Seleccione Estado | X82: Selección Acompanante | Y82: GDU000 | Z82: =VLOOKUP(Z81,tablatractor,3) -> Seleccione Equipo | AA82: 0 | AB82: =VLOOKUP(AA82,tablaestado,3) -> Seleccione Estado | AH82: Selección Acompanante | AI82: GDU000 | AJ82: =VLOOKUP(AJ81,tablatractor,3) -> Seleccione Equipo | AK82: 0 | AL82: =VLOOKUP(AK82,tablaestado,3) -> Seleccione Estado
B83: Unidad | C83: Q PERS | D83: Titulares | E83: Suplentes | G83: Trabajo 1 | M83: Q PERS | N83: Titulares | O83: Suplentes | Q83: Trabajo 2 | W83: Q PERS | X83: Titulares | Y83: Suplentes | AA83: Trabajo 3 | AG83: Q PERS | AH83: Titulares | AI83: Suplentes | AK83: Trabajo 4
D84: Personal | E84: Equipos | F84: Personal | G84: Universal Cranes | I84: OT | J84: 0 | K84: Remito | L84: 0 | N84: Personal | O84: Equipos | P84: Personal | Q84: Seleccione Empresa | S84: OT | T84: 0 | U84: Remito | V84: 0 | X84: Personal | Y84: Equipos | Z84: Personal | AA84: Seleccione Empresa | AC84: OT | AD84: 0 | AE84: Remito | AF84: 0 | AH84: Personal | AI84: Equipos | AJ84: Personal | AK84: Seleccione Empresa | AM84: OT | AN84: 0 | AO84: Remito | AP84: 0
B85: GDU402 | E85: GDU000 | F85: Seleccione Chofer | G85: Cliente: | H85: PEALCO SA | K85: Hora de Salida | L85: 0.29166667 | N85: Seleccione Chofer | O85: GDU000 | P85: Seleccione Chofer | Q85: Cliente: | U85: Hora de Salida | X85: Seleccione Chofer | Y85: GDU000 | Z85: Seleccione Chofer | AA85: Cliente: | AE85: Hora de Salida | AH85: Seleccione Chofer | AI85: GDU000 | AJ85: Seleccione Chofer | AK85: Cliente: | AO85: Hora de Salida
B86: =VLOOKUP(B85,tablaequipo,4) -> Autoelevador | E86: GDU000 | F86: Selección Acompanante | G86: Lugar Carga | H86: TORTUGUITAS - VER UBICACIÓN | N86: Selección Acompanante | O86: GDU000 | P86: Selección Acompanante | Q86: Lugar Carga | X86: Selección Acompanante | Y86: GDU000 | Z86: Selección Acompanante | AA86: Lugar Carga | AH86: Selección Acompanante | AI86: GDU000 | AJ86: Selección Acompanante | AK86: Lugar Carga
B87: =VLOOKUP(B85,tablaequipo,6) -> HELI | E87: GDU000 | F87: Selección Acompanante | G87: Contacto | H87: JOSE | K87: Telefono | L87: 15-3903-0846 | N87: Selección Acompanante | O87: GDU000 | P87: Selección Acompanante | Q87: Contacto | U87: Telefono | X87: Selección Acompanante | Y87: GDU000 | Z87: Selección Acompanante | AA87: Contacto | AE87: Telefono | AH87: Selección Acompanante | AI87: GDU000 | AJ87: Selección Acompanante | AK87: Contacto | AO87: Telefono
B88: =VLOOKUP(B85,tablaequipo,7) -> 7500 | E88: GDU000 | F88: Selección Acompanante | G88: Lugar Descarga | N88: Selección Acompanante | O88: GDU000 | P88: Selección Acompanante | Q88: Lugar Descarga | X88: Selección Acompanante | Y88: GDU000 | Z88: Selección Acompanante | AA88: Lugar Descarga | AH88: Selección Acompanante | AI88: GDU000 | AJ88: Selección Acompanante | AK88: Lugar Descarga
B89: =VLOOKUP(B85,tablaequipo,8) -> BTX 078 | E89: GDU000 | F89: Guardia | G89: Contacto | K89: Telefono | N89: Selección Acompanante | O89: GDU000 | P89: Guardia | Q89: Contacto | U89: Telefono | X89: Selección Acompanante | Y89: GDU000 | Z89: Guardia | AA89: Contacto | AE89: Telefono | AH89: Selección Acompanante | AI89: GDU000 | AJ89: Guardia | AK89: Contacto | AO89: Telefono
B90: 0 | E90: GDU000 | F90: Seleccione Chofer | G90: Verificador | H90: Seleccione Verificador | J90: Operador | K90: Recines Alejandro | N90: Selección Acompanante | O90: GDU000 | P90: Seleccione Chofer | Q90: Verificador | R90: Seleccione Verificador | T90: Operador | U90: Selección Operador | X90: Selección Acompanante | Y90: GDU000 | Z90: Seleccione Chofer | AA90: Verificador | AB90: Seleccione Verificador | AD90: Operador | AE90: Selección Operador | AH90: Selección Acompanante | AI90: GDU000 | AJ90: Seleccione Chofer | AK90: Verificador | AL90: Seleccione Verificador | AN90: Operador | AO90: Selección Operador
B91: =VLOOKUP(B90,tablapermiso,3) -> Seleccione Gestion | E91: GDU000 | F91: Selección Acompanante | G91: 1 | H91: =VLOOKUP(G91,tablaestado,3) -> En ejecucion | N91: Selección Acompanante | O91: GDU000 | P91: Selección Acompanante | Q91: 0 | R91: =VLOOKUP(Q91,tablaestado,3) -> Seleccione Estado | X91: Selección Acompanante | Y91: GDU000 | Z91: Selección Acompanante | AA91: 0 | AB91: =VLOOKUP(AA91,tablaestado,3) -> Seleccione Estado | AH91: Selección Acompanante | AI91: GDU000 | AJ91: Selección Acompanante | AK91: 0 | AL91: =VLOOKUP(AK91,tablaestado,3) -> Seleccione Estado
B92: Unidad | C92: Q PERS | D92: Titulares | E92: Suplentes | G92: Trabajo 1 | M92: Q PERS | N92: Titulares | O92: Suplentes | Q92: Trabajo 2 | W92: Q PERS | X92: Titulares | Y92: Suplentes | AA92: Trabajo 3 | AG92: Q PERS | AH92: Titulares | AI92: Suplentes | AK92: Trabajo 4
D93: Personal | E93: Equipos | F93: Personal | G93: Seleccione Empresa | I93: OT | J93: 0 | K93: Remito | L93: 0 | N93: Personal | O93: Equipos | P93: Personal | Q93: Seleccione Empresa | S93: OT | T93: 0 | U93: Remito | V93: 0 | X93: Personal | Y93: Equipos | Z93: Personal | AA93: Seleccione Empresa | AC93: OT | AD93: 0 | AE93: Remito | AF93: 0 | AH93: Personal | AI93: Equipos | AJ93: Personal | AK93: Seleccione Empresa | AM93: OT | AN93: 0 | AO93: Remito | AP93: 0
B94: GDU403 | D94: Seleccione Chofer | E94: GDU000 | F94: Seleccione Chofer | G94: Cliente: | K94: Hora de Salida | N94: Seleccione Chofer | O94: GDU000 | P94: Seleccione Chofer | Q94: Cliente: | U94: Hora de Salida | X94: Seleccione Chofer | Y94: GDU000 | Z94: Seleccione Chofer | AA94: Cliente: | AE94: Hora de Salida | AH94: Seleccione Chofer | AI94: GDU000 | AJ94: Seleccione Chofer | AK94: Cliente: | AO94: Hora de Salida
B95: =VLOOKUP(B94,tablaequipo,4) -> Autoelevador | D95: Selección Acompanante | E95: GDU000 | F95: Selección Acompanante | G95: Lugar Carga | N95: Selección Acompanante | O95: GDU000 | P95: Selección Acompanante | Q95: Lugar Carga | X95: Selección Acompanante | Y95: GDU000 | Z95: Selección Acompanante | AA95: Lugar Carga | AH95: Selección Acompanante | AI95: GDU000 | AJ95: Selección Acompanante | AK95: Lugar Carga
B96: =VLOOKUP(B94,tablaequipo,6) -> KOMATSU | D96: Selección Acompanante | E96: GDU000 | F96: Selección Acompanante | G96: Contacto | K96: Telefono | N96: Selección Acompanante | O96: GDU000 | P96: Selección Acompanante | Q96: Contacto | U96: Telefono | X96: Selección Acompanante | Y96: GDU000 | Z96: Selección Acompanante | AA96: Contacto | AE96: Telefono | AH96: Selección Acompanante | AI96: GDU000 | AJ96: Selección Acompanante | AK96: Contacto | AO96: Telefono
B97: =VLOOKUP(B94,tablaequipo,7) -> 5500 | D97: Selección Acompanante | E97: GDU000 | F97: Selección Acompanante | G97: Lugar Descarga | N97: Selección Acompanante | O97: GDU000 | P97: Selección Acompanante | Q97: Lugar Descarga | X97: Selección Acompanante | Y97: GDU000 | Z97: Selección Acompanante | AA97: Lugar Descarga | AH97: Selección Acompanante | AI97: GDU000 | AJ97: Selección Acompanante | AK97: Lugar Descarga
B98: =VLOOKUP(B94,tablaequipo,8) -> - | D98: Selección Acompanante | E98: GDU000 | F98: Guardia | G98: Contacto | K98: Telefono | N98: Selección Acompanante | O98: GDU000 | P98: Guardia | Q98: Contacto | U98: Telefono | X98: Selección Acompanante | Y98: GDU000 | Z98: Guardia | AA98: Contacto | AE98: Telefono | AH98: Selección Acompanante | AI98: GDU000 | AJ98: Guardia | AK98: Contacto | AO98: Telefono
B99: 0 | D99: Selección Acompanante | E99: GDU000 | F99: Seleccione Chofer | G99: Verificador | H99: Seleccione Verificador | J99: Operador | K99: Selección Operador | N99: Selección Acompanante | O99: GDU000 | P99: Seleccione Chofer | Q99: Verificador | R99: Seleccione Verificador | T99: Operador | U99: Selección Operador | X99: Selección Acompanante | Y99: GDU000 | Z99: Seleccione Chofer | AA99: Verificador | AB99: Seleccione Verificador | AD99: Operador | AE99: Selección Operador | AH99: Selección Acompanante | AI99: GDU000 | AJ99: Seleccione Chofer | AK99: Verificador | AL99: Seleccione Verificador | AN99: Operador | AO99: Selección Operador
B100: =VLOOKUP(B99,tablapermiso,3) -> Seleccione Gestion | D100: Selección Acompanante | E100: GDU000 | F100: Selección Acompanante | G100: 0 | H100: =VLOOKUP(G100,tablaestado,3) -> Seleccione Estado | N100: Selección Acompanante | O100: GDU000 | P100: Selección Acompanante | Q100: 0 | R100: =VLOOKUP(Q100,tablaestado,3) -> Seleccione Estado | X100: Selección Acompanante | Y100: GDU000 | Z100: Selección Acompanante | AA100: 0 | AB100: =VLOOKUP(AA100,tablaestado,3) -> Seleccione Estado | AH100: Selección Acompanante | AI100: GDU000 | AJ100: Selección Acompanante | AK100: 0 | AL100: =VLOOKUP(AK100,tablaestado,3) -> Seleccione Estado
...

Sheet Personal
A1: Codigo | B1: Apellido y Nombre | C1: Legajo | D1: Empresa | E1: Puesto | F1: DocumentoNumero
A2: GDE08 | B2: Andrada Pablo Manuel | D2: Hard Norton Rental SRL | E2: Chofer de Semi | F2: 30867116
A3: GDE05 | B3: Acosta Daniel Horacio | C3: GDL016 | D3: Universal Cranes | E3: Guinchero Especializado | F3: 22141224
A4: GDE04 | B4: Almaraz Dominguez Ricardo Juan | C4: GDL010 | D4: Movimientos Industriales Oeste | E4: Operador de Grua 60/90 TN | F4: 14673198
A5: GDE01 | B5: Arocha Sergio Anibal | C5: GDL001 | D5: Gruas Daniele SRL | E5: Operador de Grua 25/50 TN | F5: 16826947
A6: GDE03 | B6: Barreto Braian Jose | D6: West Group SH | E6: Operador de Grua 25/50 TN | F6: 38048913
A7: GDE04 | B7: Barrionuevo Claudio Andres | C7: GDL068 | D7: Movimientos Industriales Oeste | E7: Operador Aprendiz | F7: 29435006
A8: GDE04 | B8: Benitez Pablo Martin | C8: GDL081 | D8: Movimientos Industriales Oeste | E8: chofer de semirremolque | F8: 29822081
A9: GDE05 | B9: Bordones Requena Jordan Alexander | C9: GDL108 | D9: Universal Cranes | E9: Operador de Grua 175/250 TN | F9: 96288920
A10: GDE04 | B10: Cabrera Hugo Daniel | C10: GDL061 | D10: Movimientos Industriales Oeste | E10: Operador de Grua 25/50 TN | F10: 31835117
A11: GDE02 | B11: Caminatti Luis | C11: GDL007 | D11: Transportes Daniele | E11: Jefe de Cuadrilla Especializado | F11: 18073045
A12: GDE08 | B12: Campos Fernandez Jose Antonio | D12: Hard Norton Rental SRL | E12: Guinchero Ayudante | F12: 94340609
A13: GDE05 | B13: Cano Pablo Martin | C13: GDL047 | D13: Universal Cranes | E13: ADMINISTRATIVO | F13: 27899070
A14: GDE04 | B14: Cano Silvero Aldo Ruben | C14: GDL025 | D14: Movimientos Industriales Oeste | E14: Ayudante Aprendiz | F14: 34534374
A15: GDE03 | B15: Chavez Carlos Cesar | C15: GDL032 | D15: West Group SH | E15: Guinchero Ayudante | F15: 29578900
A16: GDE02 | B16: Ciocca Maria Florencia | C16: GDL097 | D16: Universal Cranes | E16: ADMINISTRATIVO | F16: 35380477
A17: GDE05 | B17: Cuevas Miguel Hector | C17: GDL017 | D17: Universal Cranes | E17: Verificador de Manualidades | F17: 12933549
A18: GDE01 | B18: Daniele Calvin Max | C18: GDL901 | D18: Grupo Daniele | F18: 93759575
A19: GDE01 | B19: Daniele Edgardo Rodolfo | C19: GDL900 | D19: Grupo Daniele | F19: 17196140
A20: GDE01 | B20: Daniele Jayson Edgar | C20: GDL902 | D20: Grupo Daniele | F20: 93759576
A21: GDE01 | B21: Daniele Nicolas Marvin | C21: GDL903 | D21: Grupo Daniele | F21: 93759578
A22: GDE01 | B22: De Felipe Hector Miguel | C22: GDL002 | D22: Gruas Daniele SRL | E22: Jefe de Cuadrilla | F22: 16750614
A23: GDE06 | B23: Fuentes Jorge Luis | C23: GDL052 | D23: Ehingen Service SRL | E23: MAESTRANZA | F23: 16032572
A24: GDE03 | B24: Gaitano Gerardo Ruben | C24: GDL050 | D24: West Group SH | E24: Chofer de Semi | F24: 29679535
A25: GDE04 | B25: Garay Esteban Horacio | C25: GDL012 | E25: Guinchero Ayudante | F25: 28451721
A26: GDE05 | B26: Giambroni Alberto Martin | C26: GDL019 | D26: Universal Cranes | E26: Jefe de Cuadrilla | F26: 30531012
A27: GDE103 | B27: Giambroni Sergio Leonardo | C27: GDL012 | D27: Movimientos Industriales Oeste | E27: Guinchero Ayudante | F27: 30436924
A28: GDE06 | B28: Gonzalez Molinas Juan Alberto | C28: GDL071 | D28: Ehingen Service SRL | E28: MECANICO | F28: 93066278
A29: GDE06 | B29: Graboviesky Javier Francisco | C29: GDL028 | D29: Ehingen Service SRL | E29: HERRERO | F29: 17335468
A30: GDE03 | B30: Hermoso Camacho Roberto Rafael | C30: GDL066 | D30: West Group SH | E30: Operador de Grua 25/50 TN | F30: 95839638
A31: GDE01 | B31: Ibañez Manuel | C31: GDL004 | D31: Gruas Daniele SRL | E31: Guinchero Ayudante | F31: 13662964
A32: GDE07 | B32: Jimenez Manuel Ernesto | C32: GDL078 | D32: Game Rental SRL | E32: Ayudante Aprendiz | F32: 95978100
A33: GDE05 | B33: Molina Rodrigo | C33: GDL058 | D33: Universal Cranes | E33: Chofer de Camion | F33: 42485087
A34: GDE03 | B34: Molina Dario Walter | C34: GDL029 | D34: West Group SH | E34: Ayudante | F34: 30794363
A35: GDE07 | B35: Montenegro Mariano Manuel | C35: GDL043 | D35: Game Rental SRL | E35: Operador de Grua 100/160 TN | F35: 32488934
A36: GDE07 | B36: Montenegro Matias Marcial | C36: GDL043 | D36: Game Rental SRL | E36: Ayudante Aprendiz | F36: 43999809
A37: GDE03 | B37: Nappi Juan Manuel | C37: GDL036 | D37: West Group SH | E37: Jefe de Cuadrilla Especializado | F37: 28131112
... A40: GDE07 | B40: Pereyra Machado Fernando | C40: GDL067 | D40: Game Rental SRL | E40: Chofer de Camion | F40: 93004858
A41: GDE01 | B41: Recines Alejandro | C41: GDL905 | D41: Grupo Daniele | F41: 33192185
A42: GDE08 | B42: Rios Franco Andres | D42: Hard Norton Rental SRL | F42: 43098545
A43: GDE01 | B43: Lazarte Lucas Matias | C43: GDL095 | D43: Gruas Daniele SRL | E43: Operador de Grua 25/50 TN
A44: GDE03 | B44: Salvo Jonathan Nicolas | D44: West Group SH | E44: Operador de Grua 100/160 TN
A45: GDE01 | B45: Selección Acompanante | C45: GDE00 | D45: Grupo Daniele
A46: GDE01 | B46: Seleccione Chofer | C46: GDE00 | D46: Grupo Daniele
A47: GDE01 | B47: Seleccione Contactos GD | C47: GDE00 | D47: Grupo Daniele
A48: GDE01 | B48: Sucheñia Lucas Abel | C48: GDL005 | D48: Universal Cranes | E48: Chofer de Camion | F48: 41745918
B49: Toloza Lucas | D49: Ehingen Service SRL | E49: ADMINISTRATIVO
A50: GDE04 | B50: Torres Franco Nicolas | C50: GDL123 | D50: Movimientos Industriales Oeste | E50: ADMINISTRATIVO
A51: GDE06 | B51: Vazquez David Gabriel | C51: GDL031 | D51: Ehingen Service SRL | E51: MECANICO | F51: 28802906
A52: GDE01 | B52: Vega Jorge Luis | C52: GDL006 | D52: Gruas Daniele SRL | E52: Vereficador de Grua | F52: 14456180
A53: GDE04 | B53: Zyrak Nicolas Javier | C53: GDL106 | D53: Movimientos Industriales Oeste | E53: Ayudante Aprendiz | F53: 42627763

Sheet GUARDIAS 
B3: Listado de Personal de Guardia
B5: FECHA | C5: =+Operacion!D1 -> 46278
B7: Guardia
B8: Chofer Grua | C8: Seleccione Chofer | D8: =VLOOKUP(C8,personal,5) -> 0
B9: Chofer Grua | C9: Seleccione Chofer | D9: =VLOOKUP(C9,personal,5) -> 0
B10: Chofer Camion | C10: Seleccione Chofer | D10: =VLOOKUP(C10,personal,5) -> 0
B11: Chofer Camion | C11: Seleccione Chofer | D11: =VLOOKUP(C11,personal,5) -> 0
B12: Ayudante | C12: Selección Acompanante | D12: =VLOOKUP(C12,personal,5) -> 0
B13: Ayudante | C13: Selección Acompanante | D13: =VLOOKUP(C13,personal,5) -> 0

Sheet Resumen Montera
A1: FECHA | B1: =+Operacion!D1 -> 46278
A3: Interno | B3: Tipo | C3: Marca | D3: Modelo | E3: Patente
A4: =+Operacion!B300 -> GDU800 | B4: =VLOOKUP(A4,tablaequipo,3) -> 0 | C4: =VLOOKUP(A4,tablaequipo,4) -> Camion | D4: =VLOOKUP(A4,tablaequipo,5) -> 0 | E4: =VLOOKUP(A4,tablaequipo,6) -> Alquiler Camion | G4: Lugar de Carga | H4: =+Operacion!H301 -> 0
G5: Contacto | H5: =+Operacion!H302 -> 0
B6: =+Operacion!D303 -> TRANS001 | C6: =+Operacion!D304 -> Transporte Montera | E6: Remito Transporte | G6: Telefono | H6: =+Operacion!L302 -> 0
B7: =+Operacion!D305 -> TIPO | C7: =+Operacion!D306 -> Seleccione Tipo | E7: =+Operacion!F304 -> 0
G8: Lugar de descarga | H8: =+Operacion!H303 -> 0
B9: Empresa | C9: =+Operacion!G299 -> Seleccione Empresa | E9: Remito GD | G9: Contacto | H9: =+Operacion!H304 -> 0
B10: Cliente | C10: =+Operacion!H300 -> 0 | E10: =+Operacion!L299 -> 0 | G10: Teléfono | H10: =+Operacion!L304 -> 0
B11: Hora de Carga | C11: =+Operacion!L300 -> 0
B13: Contacto GD | C13: =+Operacion!D300 -> Seleccione Contactos GD | G13: Descripcion de la Carga | H13: =+Operacion!H306 -> 0
B14: Teléfono | C14: =+Operacion!F300 -> 0
A15: Interno | B15: Tipo | C15: Marca | D15: Modelo | E15: Patente
A16: =+Operacion!B310 -> GDU801 | B16: =VLOOKUP(A16,tablaequipo,3) -> 0 | C16: =VLOOKUP(A16,tablaequipo,4) -> Camion | D16: =VLOOKUP(A16,tablaequipo,5) -> 0 | E16: =VLOOKUP(A16,tablaequipo,6) -> Alquiler Camion | G16: Lugar de Carga | H16: =+Operacion!H311 -> 0
G17: Contacto | H17: =+Operacion!H312 -> 0
B18: =+Operacion!D313 -> TRANS001 | C18: =+Operacion!D314 -> Transporte Montera | E18: Remito Transporte | G18: Teléfono | H18: =+Operacion!L312 -> 0
B19: =+Operacion!D315 -> TIPO | C19: =+Operacion!D316 -> Seleccione Tipo | E19: =+Operacion!F314 -> 0
G20: Lugar de descarga | H20: =+Operacion!H313 -> 0
B21: Empresa | C21: =+Operacion!G309 -> Seleccione Empresa | E21: Remito GD | G21: Contacto | H21: =+Operacion!H314 -> 0
B22: Cliente | C22: =+Operacion!H310 -> 0 | E22: =+Operacion!L309 -> 0 | G22: Teléfono | H22: =+Operacion!L314 -> 0
B23: Hora de Carga | C23: =+Operacion!L310 -> 0
B25: Contacto GD | C25: =+Operacion!D310 -> Seleccione Contactos GD | G25: Descripcion de la Carga | H25: =+Operacion!H316 -> 0
B26: Teléfono | C26: =+Operacion!F310 -> 0
A27: Interno | B27: Tipo | C27: Marca | D27: Modelo | E27: Patente
A28: =+Operacion!B320 -> GDU802 | B28: =VLOOKUP(A28,tablaequipo,3) -> 0 | C28: =VLOOKUP(A28,tablaequipo,4) -> Camion | D28: =VLOOKUP(A28,tablaequipo,5) -> 0 | E28: =VLOOKUP(A28,tablaequipo,6) -> Alquiler Camion | G28: Lugar de Carga | H28: =+Operacion!H321 -> 0
G29: Contacto | H29: =+Operacion!H322 -> 0
B30: =+Operacion!D323 -> TRANS001 | C30: =+Operacion!D324 -> Transporte Montera | E30: Remito Transporte | G30: Teléfono | H30: =+Operacion!L322 -> 0
B31: =+Operacion!D325 -> TIPO | C31: =+Operacion!D326 -> Seleccione Tipo | E31: =+Operacion!F324 -> 0
G32: Lugar de descarga | H32: =+Operacion!H323 -> 0
B33: Empresa | C33: =+Operacion!G319 -> Seleccione Empresa | E33: Remito GD | G33: Contacto | H33: =+Operacion!H324 -> 0
B34: Cliente | C34: =+Operacion!H320 -> 0 | E34: =+Operacion!L319 -> 0 | G34: Teléfono | H34: =+Operacion!L324 -> 0
B35: Hora de Carga | C35: =+Operacion!L320 -> 0
B37: Contacto GD | C37: =+Operacion!D320 -> Seleccione Contactos GD | G37: Descripcion de la Carga | H37: =+Operacion!H326 -> 0
B38: Teléfono | C38: =+Operacion!F320 -> 0
A39: Interno | B39: Tipo | C39: Marca | D39: Modelo | E39: Patente
A40: =+Operacion!B330 -> GDU803 | B40: =VLOOKUP(A40,tablaequipo,3) -> 0 | C40: =VLOOKUP(A40,tablaequipo,4) -> Camion | D40: =VLOOKUP(A40,tablaequipo,5) -> 0 | E40: =VLOOKUP(A40,tablaequipo,6) -> Alquiler Camion | G40: Lugar de Carga | H40: =+Operacion!H331 -> 0
G41: Contacto | H41: =+Operacion!H332 -> 0
B42: =+Operacion!D333 -> TRANS001 | C42: =+Operacion!D334 -> Transporte Montera | E42: Remito Transporte | G42: Teléfono | H42: =+Operacion!L332 -> 0
B43: =+Operacion!D335 -> TIPO | C43: =+Operacion!D336 -> Seleccione Tipo | E43: =+Operacion!F334 -> 0
G44: Lugar de descarga | H44: =+Operacion!H333 -> 0
B45: Empresa | C45: =+Operacion!G329 -> Seleccione Empresa | E45: Remito GD | G45: Contacto | H45: =+Operacion!H334 -> 0
B46: Cliente | C46: =+Operacion!H330 -> 0 | E46: =+Operacion!L329 -> 0 | G46: Teléfono | H46: =+Operacion!L334 -> 0
B47: Hora de Carga | C47: =+Operacion!L330 -> 0
B49: Contacto GD | C49: =+Operacion!D330 -> Seleccione Contactos GD | G49: Descripcion de la Carga | H49: =+Operacion!H336 -> 0
B50: Teléfono | C50: =+Operacion!F330 -> 0
A51: Interno | B51: Tipo | C51: Marca | D51: Modelo | E51: Patente
A52: =+Operacion!B340 -> GDU804 | B52: =VLOOKUP(A52,tablaequipo,3) -> 0 | C52: =VLOOKUP(A52,tablaequipo,4) -> Camion | D52: =VLOOKUP(A52,tablaequipo,5) -> 0 | E52: =VLOOKUP(A52,tablaequipo,6) -> Alquiler Camion | G52: Lugar de Carga | H52: =+Operacion!H341 -> 0
G53: Contacto | H53: =+Operacion!H342 -> 0
B54: =+Operacion!D343 -> TRANS002 | C54: =+Operacion!D344 -> Transporte Rivas | E54: Remito Transporte | G54: Telefono | H54: =+Operacion!L342 -> 0
B55: =+Operacion!D345 -> TIPO | C55: =+Operacion!D346 -> Seleccione Tipo | E55: =+Operacion!F344 -> 0
G56: Lugar de descarga | H56: =+Operacion!H343 -> 0
B57: Empresa | C57: =+Operacion!G339 -> Seleccione Empresa | E57: Remito GD | G57: Contacto | H57: =+Operacion!H344 -> 0
B58: Ciente | C58: =+Operacion!H340 -> 0 | E58: =+Operacion!L339 -> 0 | G58: Telefono | H58: =+Operacion!L344 -> 0
B59: Hora de Salida | C59: =+Operacion!L340 -> 0
B61: Contacto GD | C61: =+Operacion!D340 -> Seleccione Contactos GD | G61: Descripcion de la Carga | H61: =+Operacion!H346 -> 0
B62: Telefono | C62: =+Operacion!F340 -> 0
A63: Interno | B63: Tipo | C63: Marca | D63: Modelo | E63: Patente
A64: =+Operacion!B350 -> GDU805 | B64: =VLOOKUP(A64,tablaequipo,3) -> 0 | C64: =VLOOKUP(A64,tablaequipo,4) -> Camion | D64: =VLOOKUP(A64,tablaequipo,5) -> 0 | E64: =VLOOKUP(A64,tablaequipo,6) -> Alquiler Camion | G64: Lugar de Carga | H64: =+Operacion!H351 -> 0
G65: Contacto | H65: =+Operacion!H352 -> 0
B66: =+Operacion!D353 -> TRANS002 | C66: =+Operacion!D354 -> Transporte Rivas | E66: Remito Transporte | G66: Telefono | H66: =+Operacion!L352 -> 0
B67: =+Operacion!D355 -> TIPO | C67: =+Operacion!D356 -> Seleccione Tipo | E67: =+Operacion!F354 -> 0
G68: Lugar de descarga | H68: =+Operacion!H353 -> 0
B69: Empresa | C69: =+Operacion!G349 -> Seleccione Empresa | E69: Remito GD | G69: Contacto | H69: =+Operacion!H354 -> 0
B70: Ciente | C70: =+Operacion!H350 -> 0 | E70: =+Operacion!L349 -> 0 | G70: Telefono | H70: =+Operacion!L354 -> 0
B71: Hora de Salida | C71: =+Operacion!L350 -> 0
B73: Contacto GD | C73: =+Operacion!D350 -> Seleccione Contactos GD | G73: Descripcion de la Carga | H73: =+Operacion!H356 -> 0
B74: Telefono | C74: =+Operacion!F350 -> 0

Sheet Resumen Rivas
A1: FECHA | B1: =+Operacion!D1 -> 46278
A3: Interno | B3: Tipo | C3: Marca | D3: Modelo | E3: Patente
A4: =+Operacion!B360 -> GDU806 | B4: =VLOOKUP(A4,tablaequipo,3) -> 0 | C4: =VLOOKUP(A4,tablaequipo,4) -> Camion | D4: =VLOOKUP(A4,tablaequipo,5) -> 0 | E4: =VLOOKUP(A4,tablaequipo,6) -> Alquiler Camion | G4: Lugar de Carga | H4: =+Operacion!H361 -> 0
G5: Contacto | H5: =+Operacion!H362 -> 0
B6: =+Operacion!D363 -> TRANS002 | C6: =+Operacion!D364 -> Transporte Rivas | E6: Remito Transporte | G6: Telefono | H6: =+Operacion!L362 -> 0
B7: =+Operacion!D365 -> TIPO | C7: =+Operacion!D366 -> Seleccione Tipo | E7: =+Operacion!F364 -> 0
G8: Lugar de descarga | H8: =+Operacion!H363 -> 0
B9: Empresa | C9: =+Operacion!G359 -> Seleccione Empresa | E9: Remito GD | G9: Contacto | H9: =+Operacion!H364 -> 0
B10: Ciente | C10: =+Operacion!H360 -> 0 | E10: =+Operacion!L359 -> 0 | G10: Telefono | H10: =+Operacion!L364 -> 0
B11: Hora de Salida | C11: =+Operacion!L360 -> 0
B13: Contacto GD | C13: =+Operacion!D360 -> Seleccione Contactos GD | G13: Descripcion de la Carga | H13: =+Operacion!H366 -> 0
B14: Telefono | C14: =+Operacion!F360 -> 0
A15: Interno | B15: Tipo | C15: Marca | D15: Modelo | E15: Patente
A16: =+Operacion!B370 -> GDU807 | B16: =VLOOKUP(A16,tablaequipo,3) -> 0 | C16: =VLOOKUP(A16,tablaequipo,4) -> Camion | D16: =VLOOKUP(A16,tablaequipo,5) -> 0 | E16: =VLOOKUP(A16,tablaequipo,6) -> Alquiler Camion | G16: Lugar de Carga | H16: =+Operacion!H371 -> 0
G17: Contacto | H17: =+Operacion!H372 -> 0
B18: =+Operacion!D373 -> TRANS002 | C18: =+Operacion!D374 -> Transporte Rivas | E18: Remito Transporte | G18: Telefono | H18: =+Operacion!L372 -> 0
B19: =+Operacion!D375 -> TIPO | C19: =+Operacion!D376 -> Seleccione Tipo | E19: =+Operacion!F374 -> 0
G20: Lugar de descarga | H20: =+Operacion!H373 -> 0
B21: Empresa | C21: =+Operacion!G369 -> Seleccione Empresa | E21: Remito GD | G21: Contacto | H21: =+Operacion!H374 -> 0
B22: Ciente | C22: =+Operacion!H370 -> 0 | E22: =+Operacion!L369 -> 0 | G22: Telefono | H22: =+Operacion!L374 -> 0
B23: Hora de Salida | C23: =+Operacion!L370 -> 0
B25: Contacto GD | C25: =+Operacion!D370 -> Seleccione Contactos GD | G25: Descripcion de la Carga | H25: =+Operacion!H376 -> 0
B26: Telefono | C26: =+Operacion!F370 -> 0
A27: Interno | B27: Tipo | C27: Marca | D27: Modelo | E27: Patente
A28: =+Operacion!B380 -> GDU808 | B28: =VLOOKUP(A28,tablaequipo,3) -> 0 | C28: =VLOOKUP(A28,tablaequipo,4) -> Camion | D28: =VLOOKUP(A28,tablaequipo,5) -> 0 | E28: =VLOOKUP(A28,tablaequipo,6) -> Alquiler Camion | G28: Lugar de Carga | H28: =+Operacion!H381 -> 0
G29: Contacto | H29: =+Operacion!H382 -> 0
B30: =+Operacion!D383 -> TRANS002 | C30: =+Operacion!D384 -> Transporte Rivas | E30: Remito Transporte | G30: Telefono | H30: =+Operacion!L382 -> 0
B31: =+Operacion!D385 -> TIPO | C31: =+Operacion!D386 -> Seleccione Tipo | E31: =+Operacion!F384 -> 0
G32: Lugar de descarga | H32: =+Operacion!H383 -> 0
B33: Empresa | C33: =+Operacion!G379 -> Seleccione Empresa | E33: Remito GD | G33: Contacto | H33: =+Operacion!H384 -> 0
B34: Ciente | C34: =+Operacion!H380 -> 0 | E34: =+Operacion!L379 -> 0 | G34: Telefono | H34: =+Operacion!L384 -> 0
B35: Hora de Salida | C35: =+Operacion!L380 -> 0
B37: Contacto GD | C37: =+Operacion!D380 -> Seleccione Contactos GD | G37: Descripcion de la Carga | H37: =+Operacion!H386 -> 0
B38: Telefono | C38: =+Operacion!F380 -> 0

Sheet Resumen FMB
A1: FECHA | B1: =+Operacion!D1 -> 46278
A3: Interno | B3: Tipo | C3: Marca | D3: Modelo | E3: Patente
A4: =+Operacion!B390 -> GDU809 | B4: =VLOOKUP(A4,tablaequipo,3) -> 0 | C4: =VLOOKUP(A4,tablaequipo,4) -> Camion | D4: =VLOOKUP(A4,tablaequipo,5) -> 0 | E4: =VLOOKUP(A4,tablaequipo,6) -> Alquiler Camion | G4: Lugar de Carga | H4: =+Operacion!H391 -> 0
G5: Contacto | H5: =+Operacion!H392 -> 0
B6: =+Operacion!D393 -> TRANS003 | C6: =+Operacion!D394 -> Transporte FBM | E6: Remito Transporte | G6: Telefono | H6: =+Operacion!L392 -> 0
B7: =+Operacion!D395 -> TIPO | C7: =+Operacion!D396 -> Seleccione Tipo | E7: =+Operacion!F394 -> 0
G8: Lugar de descarga | H8: =+Operacion!H393 -> 0
B9: Empresa | C9: =+Operacion!G389 -> Seleccione Empresa | E9: Remito GD | G9: Contacto | H9: =+Operacion!H394 -> 0
B10: Ciente | C10: =+Operacion!H390 -> 0 | E10: =+Operacion!L389 -> 0 | G10: Telefono | H10: =+Operacion!L394 -> 0
B11: Hora de Salida | C11: =+Operacion!L390 -> 0
B13: Contacto GD | C13: =+Operacion!D390 -> Seleccione Contactos GD | G13: Descripcion de la Carga | H13: =+Operacion!H396 -> 0
B14: Telefono | C14: =+Operacion!F390 -> 0
A15: Interno | B15: Tipo | C15: Marca | D15: Modelo | E15: Patente
A16: =+Operacion!B400 -> GDU810 | B16: =VLOOKUP(A16,tablaequipo,3) -> 0 | C16: =VLOOKUP(A16,tablaequipo,4) -> Camion | D16: =VLOOKUP(A16,tablaequipo,5) -> 0 | E16: =VLOOKUP(A16,tablaequipo,6) -> Alquiler Camion | G16: Lugar de Carga | H16: =+Operacion!H401 -> 0
G17: Contacto | H17: =+Operacion!H402 -> 0
B18: =+Operacion!D403 -> TRANS003 | C18: =+Operacion!D404 -> Transporte FBM | E18: Remito Transporte | G18: Telefono | H18: =+Operacion!L402 -> 0
B19: =+Operacion!D405 -> TIPO | C19: =+Operacion!D406 -> Seleccione Tipo | E19: =+Operacion!F404 -> 0
G20: Lugar de descarga | H20: =+Operacion!H403 -> 0
B21: Empresa | C21: =+Operacion!G399 -> Seleccione Empresa | E21: Remito GD | G21: Contacto | H21: =+Operacion!H404 -> 0
B22: Ciente | C22: =+Operacion!H400 -> 0 | E22: =+Operacion!L399 -> 0 | G22: Telefono | H22: =+Operacion!L404 -> 0
B23: Hora de Salida | C23: =+Operacion!L400 -> 0
B25: Contacto GD | C25: =+Operacion!D400 -> Seleccione Contactos GD | G25: Descripcion de la Carga | H25: =+Operacion!H406 -> 0
B26: Telefono | C26: =+Operacion!F400 -> 0
A27: Interno | B27: Tipo | C27: Marca | D27: Modelo | E27: Patente
A28: =+Operacion!B410 -> GDU811 | B28: =VLOOKUP(A28,tablaequipo,3) -> 0 | C28: =VLOOKUP(A28,tablaequipo,4) -> Camion | D28: =VLOOKUP(A28,tablaequipo,5) -> 0 | E28: =VLOOKUP(A28,tablaequipo,6) -> Alquiler Camion | G28: Lugar de Carga | H28: =+Operacion!H411 -> 0
G29: Contacto | H29: =+Operacion!H412 -> 0
B30: =+Operacion!D413 -> TRANS003 | C30: =+Operacion!D414 -> Transporte FBM | E30: Remito Transporte | G30: Telefono | H30: =+Operacion!L412 -> 0
B31: =+Operacion!D415 -> TIPO | C31: =+Operacion!D416 -> Seleccione Tipo | E31: =+Operacion!F414 -> 0
G32: Lugar de descarga | H32: =+Operacion!H413 -> 0
B33: Empresa | C33: =+Operacion!G409 -> Seleccione Empresa | E33: Remito GD | G33: Contacto | H33: =+Operacion!H414 -> 0
B34: Ciente | C34: =+Operacion!H410 -> 0 | E34: =+Operacion!L409 -> 0 | G34: Telefono | H34: =+Operacion!L414 -> 0
B35: Hora de Salida | C35: =+Operacion!L410 -> 0
B37: Contacto GD | C37: =+Operacion!D410 -> Seleccione Contactos GD | G37: Descripcion de la Carga | H37: =+Operacion!H416 -> 0
B38: Telefono | C38: =+Operacion!F410 -> 0

Sheet 100-Kia
B2: Remito | E2: =+Operacion!G3 -> Seleccione Empresa | G2: Fecha: | H2: =+Operacion!D1 -> 46278
B4: Cliente | E4: =+Operacion!H4 -> 0 | G4: Hora de salida: | H4: =+Operacion!L4 -> 0
B6: Equipo: | E6: =+Operacion!B4 -> GDU100 | G6: Marca | H6: =VLOOKUP(E6,tablaequipo,6) -> KIA
E7: =VLOOKUP(E6,tablaequipo,3) -> 0 | G7: Modelo | H7: =VLOOKUP(E6,tablaequipo,7) -> K2500
G8: Patente | H8: =VLOOKUP(E6,tablaequipo,8) -> ONT 594
B10: Chofer: | E10: =+Operacion!D4 -> 0
B13: Acompañantes: | D13: 1 | E13: =+Operacion!D5 -> 0 | G13: 4 | H13: =+Operacion!D8 -> 0
D14: 2 | E14: =+Operacion!D6 -> 0 | G14: 5 | H14: =+Operacion!D9 -> 0
D15: 3 | E15: =+Operacion!D7 -> 0 | G15: 6 | H15: =+Operacion!D10 -> 0
B17: Verificador: | E17: =+Operacion!H9 -> Seleccione Verificador
B19: Operador | E19: =+Operacion!K9 -> Selección Operador
B21: Lugar de carga | E21: =+Operacion!H5 -> 0
B25: Contacto: | E25: =+Operacion!H6 -> 0
E26: =+Operacion!L6 -> 0
B28: Lugar de descarga | E28: =+Operacion!H7 -> 0
B32: Contacto: | E32: =+Operacion!H8 -> 0
E33: =+Operacion!L8 -> 0
B35: Observaciones

Sheet 101-Hyundai
B2: Remito | E2: =+Operacion!G12 -> Seleccione Empresa | G2: Fecha: | H2: =+Operacion!D1 -> 46278
B4: Cliente | E4: =+Operacion!H13 -> 0 | G4: Hora de salida: | H4: =+Operacion!L13 -> 0
B6: Equipo: | E6: =+Operacion!B13 -> GDU101 | G6: Marca | H6: =VLOOKUP(E6,tablaequipo,6) -> HYUNDAI
E7: =VLOOKUP(E6,tablaequipo,4) -> Camion | G7: Modelo | H7: =VLOOKUP(E6,tablaequipo,7) -> HD78
E8: =VLOOKUP(E6,tablaequipo,5) -> 0 | G8: Patente | H8: =VLOOKUP(E6,tablaequipo,8) -> JLM 355
B10: Chofer: | E10: =+Operacion!D13 -> 0
B13: Acompañantes: | D13: 1 | E13: =+Operacion!D14 -> 0 | G13: 4 | H13: =+Operacion!D17 -> 0
D14: 2 | E14: =+Operacion!D15 -> 0 | G14: 5 | H14: =+Operacion!D18 -> 0
D15: 3 | E15: =+Operacion!D16 -> 0 | G15: 6 | H15: =+Operacion!D19 -> 0
B17: Verificador: | E17: =+Operacion!H18 -> Seleccione Verificador
B19: Operador | E19: =+Operacion!K18 -> Selección Operador
B21: Lugar de carga | E21: =+Operacion!H14 -> 0
B25: Contacto: | E25: =+Operacion!H15 -> 0
E26: =+Operacion!L15 -> 0
B28: Lugar de descarga | E28: =+Operacion!H16 -> 0
B32: Contacto: | E32: =+Operacion!H17 -> 0
E33: =+Operacion!L17 -> 0
B35: Observaciones

Sheet 105-VW 9150
B2: Remito | E2: =+Operacion!G21 -> Seleccione Empresa | G2: Fecha: | H2: =+Operacion!D1 -> 46278
B4: Cliente | E4: =+Operacion!H22 -> 0 | G4: Hora de salida: | H4: =+Operacion!L22 -> 0
B6: Equipo: | E6: =+Operacion!B22 -> GDU105 | G6: Marca | H6: =VLOOKUP(E6,tablaequipo,6) -> VOLKSWAGEN
E7: =VLOOKUP(E6,tablaequipo,4) -> Camion | G7: Modelo | H7: =VLOOKUP(E6,tablaequipo,7) -> 9150
E8: =VLOOKUP(E6,tablaequipo,5) -> 0 | G8: Patente | H8: =VLOOKUP(E6,tablaequipo,8) -> MRF 907
B10: Chofer: | E10: =+Operacion!D22 -> Seleccione Chofer
B13: Acompañantes: | D13: 1 | E13: =+Operacion!D23 -> Selección Acompanante | G13: 4 | H13: =+Operacion!D26 -> Selección Acompanante
D14: 2 | E14: =+Operacion!D24 -> Selección Acompanante | G14: 5 | H14: =+Operacion!D27 -> Selección Acompanante
D15: 3 | E15: =+Operacion!D25 -> Selección Acompanante | G15: 6 | H15: =+Operacion!D28 -> Selección Acompanante
B17: Verificador: | E17: =+Operacion!H27 -> Seleccione Verificador
B19: Operador | E19: =+Operacion!K27 -> Selección Operador
B21: Lugar de carga | E21: =+Operacion!H23 -> 0
B25: Contacto: | E25: =+Operacion!H24 -> 0
E26: =+Operacion!L24 -> 0
B28: Lugar de descarga | E28: =+Operacion!H25 -> 0
B32: Contacto: | E32: =+Operacion!H26 -> 0
E33: =+Operacion!L26 -> 0
B35: Observaciones

Sheet 106-Iveco Euro 220
B2: Remito | E2: =+Operacion!G30 -> Seleccione Empresa | G2: Fecha: | H2: =+Operacion!D1 -> 46278
B4: Cliente | E4: =+Operacion!H31 -> 0 | G4: Hora de salida: | H4: =+Operacion!L31 -> 0
B6: Equipo: | E6: =+Operacion!B31 -> GDU106 | G6: Marca | H6: =VLOOKUP(E6,tablaequipo,6) -> IVECO
E7: =VLOOKUP(E6,tablaequipo,4) -> Camion | G7: Modelo | H7: =VLOOKUP(E6,tablaequipo,7) -> EURO 220
E8: =VLOOKUP(E6,tablaequipo,5) -> 0 | G8: Patente | H8: =VLOOKUP(E6,tablaequipo,8) -> HOD 216
B10: Chofer: | E10: =+Operacion!D31 -> Seleccione Chofer | G10: =+Operacion!F36 -> GDU000 | H10: =VLOOKUP(G10,tablatractor,6) -> 0
G11: =VLOOKUP(G10,tablatractor,3) -> Seleccione Equipo | H11: =VLOOKUP(G10,tablatractor,4) -> 0
B13: Acompañantes: | D13: 1 | E13: =+Operacion!D32 -> Selección Acompanante | G13: 4 | H13: =+Operacion!D35 -> Selección Acompanante
D14: 2 | E14: =+Operacion!D33 -> Selección Acompanante | G14: 5 | H14: =+Operacion!D36 -> Selección Acompanante
D15: 3 | E15: =+Operacion!D34 -> Selección Acompanante | G15: 6 | H15: =+Operacion!D37 -> Selección Acompanante
B17: Verificador: | E17: =+Operacion!H36 -> Seleccione Verificador
B19: Operador | E19: =+Operacion!K36 -> Selección Operador
B21: Lugar de carga | E21: =+Operacion!H32 -> 0
B25: Contacto: | E25: =+Operacion!H33 -> 0
E26: =+Operacion!L33 -> 0
B28: Lugar de descarga | E28: =+Operacion!H34 -> 0
B32: Contacto: | E32: =+Operacion!H35 -> 0
E33: =+Operacion!L35 -> 0
B35: Observaciones

Sheet 110-Iveco Tector
B2: Remito | E2: =+Operacion!G39 -> Seleccione Empresa | G2: Fecha: | H2: =+Operacion!D1 -> 46278
B4: Cliente | E4: =+Operacion!H40 -> 0 | G4: Hora de salida: | H4: =+Operacion!L40 -> 0
B6: Equipo: | E6: =+Operacion!B40 -> GDU110 | G6: Marca | H6: =VLOOKUP(E6,tablaequipo,6) -> IVECO
E7: =VLOOKUP(E6,tablaequipo,4) -> Camion | G7: Modelo | H7: =VLOOKUP(E6,tablaequipo,7) -> 170 E 22
E8: =VLOOKUP(E6,tablaequipo,5) -> 0 | G8: Patente | H8: =VLOOKUP(E6,tablaequipo,8) -> AC 223 HV
B10: Chofer: | E10: =+Operacion!D40 -> Seleccione Chofer
B13: Acompañantes: | D13: 1 | E13: =+Operacion!D41 -> Selección Acompanante | G13: 4 | H13: =+Operacion!D44 -> Selección Acompanante
D14: 2 | E14: =+Operacion!D42 -> Selección Acompanante | G14: 5 | H14: =+Operacion!D45 -> Selección Acompanante
D15: 3 | E15: =+Operacion!D43 -> Selección Acompanante | G15: 6 | H15: =+Operacion!D46 -> Selección Acompanante
B17: Verificador: | E17: =+Operacion!#REF! -> #REF!
B19: Operador | E19: =+Operacion!#REF! -> #REF!
B21: Lugar de carga | E21: =+Operacion!H41 -> 0
B25: Contacto: | E25: =+Operacion!H42 -> 0
E26: =+Operacion!L42 -> 0
B28: Lugar de descarga | E28: =+Operacion!H43 -> 0
B32: Contacto: | E32: =+Operacion!H44 -> 0
E33: =+Operacion!L44 -> 0
B35: Observaciones

Sheet 111-Iveco DS - 240
B2: Remito | E2: =+Operacion!G48 -> Seleccione Empresa | G2: Fecha: | H2: =+Operacion!D1 -> 46278
B4: Cliente | E4: =+Operacion!H49 -> 0 | G4: Hora de salida: | H4: =+Operacion!L49 -> 0
B6: Equipo: | E6: =+Operacion!B49 -> 111 | G6: Marca | H6: =VLOOKUP(E6,tablaequipo,6) -> IVECO
E7: =VLOOKUP(E6,tablaequipo,4) -> Camion | G7: Modelo | H7: =VLOOKUP(E6,tablaequipo,7) -> DS - 240
E8: =VLOOKUP(E6,tablaequipo,5) -> 0 | G8: Patente | H8: =VLOOKUP(E6,tablaequipo,8) -> AF009EJ
B10: Chofer: | E10: =+Operacion!D49 -> Seleccione Chofer | G10: =+Operacion!F54 -> GDU000 | H10: =VLOOKUP(G10,tablatractor,6) -> 0
G11: =VLOOKUP(G10,tablatractor,3) -> Seleccione Equipo | H11: =VLOOKUP(G10,tablatractor,4) -> 0
B13: Acompañantes: | D13: 1 | E13: =+Operacion!D50 -> Selección Acompanante | G13: 4 | H13: =+Operacion!D54 -> Selección Acompanante
D14: 2 | E14: =+Operacion!D51 -> Selección Acompanante | G14: 5 | H14: =+Operacion!D53 -> Selección Acompanante
D15: 3 | E15: =+Operacion!D52 -> Selección Acompanante | G15: 6 | H15: =+Operacion!D55 -> Selección Acompanante
B17: Verificador: | E17: =+Operacion!H54 -> Seleccione Verificador
B19: Operador | E19: =+Operacion!K54 -> Selección Operador
B21: Lugar de carga | E21: =+Operacion!H50 -> 0
B25: Contacto: | E25: =+Operacion!H51 -> 0
E26: =+Operacion!L51 -> 0
B28: Lugar de descarga | E28: =+Operacion!H52 -> 0
B32: Contacto: | E32: =+Operacion!H53 -> 0
E33: =+Operacion!L53 -> 0
B35: Observaciones

Sheet 113-Iveco DS - 240
B2: Remito | E2: =+Operacion!G57 -> Seleccione Empresa | G2: Fecha: | H2: =+Operacion!D1 -> 46278
B4: Cliente | E4: =+Operacion!H58 -> 0 | G4: Hora de salida: | H4: =+Operacion!L58 -> 0
B6: Equipo: | E6: =+Operacion!B58 -> GDU113 | G6: Marca | H6: =VLOOKUP(E6,tablaequipo,6) -> IVECO
E7: =VLOOKUP(E6,tablaequipo,4) -> Camion | G7: Modelo | H7: =VLOOKUP(E6,tablaequipo,7) -> TECTOR 240
E8: =VLOOKUP(E6,tablaequipo,5) -> 0 | G8: Patente | H8: =VLOOKUP(E6,tablaequipo,8) -> AG368PJ
B10: Chofer: | E10: =Operacion!D58 -> Seleccione Chofer | G10: =+Operacion!F63 -> GDU000 | H10: =VLOOKUP(G10,tablatractor,6) -> 0
G11: =VLOOKUP(G10,tablatractor,3) -> Seleccione Equipo | H11: =VLOOKUP(G10,tablatractor,4) -> 0
B13: Acompañantes: | D13: 1 | E13: =Operacion!D59 -> Selección Acompanante | G13: 4 | H13: =Operacion!D62 -> Selección Acompanante
D14: 2 | E14: =Operacion!D60 -> Selección Acompanante | G14: 5 | H14: =Operacion!D63 -> Selección Acompanante
D15: 3 | E15: =Operacion!D61 -> Selección Acompanante | G15: 6 | H15: =Operacion!D64 -> Selección Acompanante
B17: Verificador: | E17: =+Operacion!H63 -> Seleccione Verificador
B19: Operador | E19: =+Operacion!K63 -> Selección Operador
B21: Lugar de carga | E21: =+Operacion!H59 -> 0
B25: Contacto: | E25: =+Operacion!H60 -> 0
E26: =+Operacion!L60 -> 0
B28: Lugar de descarga | E28: =+Operacion!H61 -> 0
B32: Contacto: | E32: =+Operacion!H62 -> 0
E33: =+Operacion!L62 -> 0
B35: Observaciones

Sheet 109-Scania
B2: Remito | E2: =+Operacion!G66 -> Seleccione Empresa | G2: Fecha: | H2: =+Operacion!D1 -> 46278
B4: Cliente | E4: =+Operacion!H67 -> 0 | G4: Hora de salida: | H4: =+Operacion!L67 -> 0
B6: Equipo: | E6: =+Operacion!B67 -> GDU109 | G6: Marca | H6: =VLOOKUP(E6,tablaequipo,6) -> SCANIA
E7: =VLOOKUP(E6,tablaequipo,4) -> Tractor | G7: Modelo | H7: =VLOOKUP(E6,tablaequipo,7) -> G410
E8: =VLOOKUP(E6,tablaequipo,5) -> 0 | G8: Patente | H8: =VLOOKUP(E6,tablaequipo,8) -> PBA 177
B10: Chofer: | E10: =+Operacion!D67 -> Seleccione Chofer | G10: =+Operacion!F72 -> GDU200 | H10: =VLOOKUP(G10,tablatractor,6) -> GEV 193
G11: =VLOOKUP(G10,tablatractor,3) -> Carreton | H11: =VLOOKUP(G10,tablatractor,4) -> SALTO
B13: Acompañantes: | D13: 1 | E13: =+Operacion!D68 -> Selección Acompanante | G13: 4 | H13: =+Operacion!D71 -> Selección Acompanante
D14: 2 | E14: =+Operacion!D69 -> Selección Acompanante | G14: 5 | H14: =+Operacion!D72 -> Selección Acompanante
D15: 3 | E15: =+Operacion!D70 -> Selección Acompanante | G15: 6 | H15: =+Operacion!D73 -> Selección Acompanante
B17: Verificador: | E17: =+Operacion!H72 -> Seleccione Verificador
B19: Operador | E19: =+Operacion!K72 -> Selección Operador
B21: Lugar de carga | E21: =+Operacion!H68 -> 0
B25: Contacto: | E25: =+Operacion!H69 -> 0
E26: =+Operacion!L69 -> 0
B28: Lugar de descarga | E28: =+Operacion!H70 -> 0
B32: Contacto: | E32: =+Operacion!H71 -> 0
E33: =+Operacion!L71 -> 0
B35: Observaciones

Sheet 112-Iveco DS
B2: Remito | E2: =+Operacion!G75 -> Seleccione Empresa | G2: Fecha: | H2: =+Operacion!D1 -> 46278
B4: Cliente | E4: =+Operacion!H76 -> 0 | G4: Hora de salida: | H4: =+Operacion!L76 -> 0
B6: Equipo: | E6: =+Operacion!B76 -> GDU112 | G6: Marca | H6: =VLOOKUP(E6,tablaequipo,6) -> IVECO
E7: =VLOOKUP(E6,tablaequipo,4) -> Tractor | G7: Modelo | H7: =VLOOKUP(E6,tablaequipo,7) -> STRALIS - 440
E8: =VLOOKUP(E6,tablaequipo,5) -> 0 | G8: Patente | H8: =VLOOKUP(E6,tablaequipo,8) -> AF442SD
B10: Chofer: | E10: =+Operacion!D76 -> Seleccione Chofer | G10: =+Operacion!F81 -> GDU300 | H10: =VLOOKUP(G10,tablatractor,6) -> SNN 095
G11: =VLOOKUP(G10,tablatractor,3) -> Semirremolque | H11: =VLOOKUP(G10,tablatractor,4) -> GOMATRO
B13: Acompañantes: | D13: 1 | E13: =+Operacion!D77 -> Selección Acompanante | G13: 4 | H13: =+Operacion!D80 -> Selección Acompanante
D14: 2 | E14: =+Operacion!D78 -> Selección Acompanante | G14: 5 | H14: =+Operacion!D81 -> Selección Acompanante
D15: 3 | E15: =+Operacion!D79 -> Selección Acompanante | G15: 6 | H15: =+Operacion!D82 -> Selección Acompanante
B17: Verificador: | E17: =+Operacion!H81 -> Seleccione Verificador
B19: Operador | E19: =+Operacion!K81 -> Selección Operador
B21: Lugar de carga | E21: =+Operacion!H77 -> 0
B25: Contacto: | E25: =+Operacion!H78 -> 0
E26: =+Operacion!L78 -> 0
B28: Lugar de descarga | E28: =+Operacion!H79 -> 0
B32: Contacto: | E32: =+Operacion!H80 -> 0
E33: =+Operacion!L80 -> 0
B35: Observaciones

Sheet 402-Autoelevador
B2: Remito | E2: =+Operacion!G84 -> Universal Cranes | G2: Fecha: | H2: =+Operacion!D1 -> 46278
B4: Cliente | E4: =+Operacion!H85 -> PEALCO SA | G4: Hora de salida: | H4: =+Operacion!L85 -> 0.29166667
B6: Equipo: | E6: =+Operacion!B85 -> GDU402 | G6: Marca | H6: =VLOOKUP(E6,tablaequipo,6) -> HELI
E7: =VLOOKUP(E6,tablaequipo,4) -> Autoelevador | G7: Modelo | H7: =VLOOKUP(E6,tablaequipo,7) -> 7500
E8: =VLOOKUP(E6,tablaequipo,5) -> 7.5 | G8: Patente | H8: =VLOOKUP(E6,tablaequipo,8) -> BTX 078
B10: Chofer: | E10: =+Operacion!D85 -> 0
B13: Acompañantes: | D13: 1 | E13: =+Operacion!D86 -> 0 | G13: 4 | H13: =+Operacion!D89 -> 0
D14: 2 | E14: =+Operacion!D87 -> 0 | G14: 5 | H14: =+Operacion!D90 -> 0
D15: 3 | E15: =+Operacion!D88 -> 0 | G15: 6 | H15: =+Operacion!D91 -> 0
B17: Verificador: | E17: =+Operacion!H90 -> Seleccione Verificador
B19: Operador | E19: =+Operacion!K90 -> Recines Alejandro
B21: Lugar de carga | E21: =+Operacion!H86 -> TORTUGUITAS - VER UBICACIÓN
B25: Contacto: | E25: =+Operacion!H87 -> JOSE
E26: =+Operacion!L87 -> 15-3903-0846
B28: Lugar de descarga | E28: =+Operacion!H88 -> 0
B32: Contacto: | E32: =+Operacion!H89 -> 0
E33: =+Operacion!L89 -> 0
B35: Observaciones | E35: incluir las observaciones correpondientes

Sheet 403-Autoelevador
B2: Remito | E2: =+Operacion!G93 -> Seleccione Empresa | G2: Fecha: | H2: =+Operacion!D1 -> 46278
B4: Cliente | E4: =+Operacion!H94 -> 0 | G4: Hora de salida: | H4: =+Operacion!L94 -> 0
B6: Equipo: | E6: =+Operacion!B94 -> GDU403 | G6: Marca | H6: =VLOOKUP(E6,tablaequipo,6) -> KOMATSU
E7: =VLOOKUP(E6,tablaequipo,4) -> Autoelevador | G7: Modelo | H7: =VLOOKUP(E6,tablaequipo,7) -> 5500
E8: =VLOOKUP(E6,tablaequipo,5) -> 5.5 | G8: Patente | H8: =VLOOKUP(E6,tablaequipo,8) -> -
B10: Chofer: | E10: =+Operacion!D94 -> Seleccione Chofer
B13: Acompañantes: | D13: 1 | E13: =+Operacion!D95 -> Selección Acompanante | G13: 4 | H13: =+Operacion!D98 -> Selección Acompanante
D14: 2 | E14: =+Operacion!D96 -> Selección Acompanante | G14: 5 | H14: =+Operacion!D99 -> Selección Acompanante
D15: 3 | E15: =+Operacion!D97 -> Selección Acompanante | G15: 6 | H15: =+Operacion!D100 -> Selección Acompanante
B17: Verificador: | E17: =+Operacion!H99 -> Seleccione Verificador
B19: Operador | E19: =+Operacion!K99 -> Selección Operador
B21: Lugar de carga | E21: =+Operacion!H95 -> 0
B25: Contacto: | E25: =+Operacion!H96 -> 0
E26: =+Operacion!L96 -> 0
B28: Lugar de descarga | E28: =+Operacion!H97 -> 0
B32: Contacto: | E32: =+Operacion!H98 -> 0
E33: =+Operacion!L98 -> 0
B35: Observaciones | E35: incluir las observaciones correpondientes

Sheet 404-Autoelevador
B2: Remito | E2: =+Operacion!G102 -> Seleccione Empresa | G2: Fecha: | H2: =+Operacion!D1 -> 46278
B4: Cliente | E4: =+Operacion!H103 -> 0 | G4: Hora de salida: | H4: =+Operacion!L103 -> 0
B6: Equipo: | E6: =+Operacion!B103 -> GDU404 | G6: Marca | H6: =VLOOKUP(E6,tablaequipo,6) -> HYUNDAI
E7: =VLOOKUP(E6,tablaequipo,4) -> Autoelevador | G7: Modelo | H7: =VLOOKUP(E6,tablaequipo,7) -> DD 30 E
E8: =VLOOKUP(E6,tablaequipo,5) -> 3 | G8: Patente | H8: =VLOOKUP(E6,tablaequipo,8) -> -
B10: Chofer: | E10: =+Operacion!D103 -> Seleccione Chofer
B13: Acompañantes: | D13: 1 | E13: =+Operacion!D104 -> Selección Acompanante | G13: 4 | H13: =+Operacion!D107 -> Selección Acompanante
D14: 2 | E14: =+Operacion!D105 -> Selección Acompanante | G14: 5 | H14: =+Operacion!D108 -> Selección Acompanante
D15: 3 | E15: =+Operacion!D106 -> Selección Acompanante | G15: 6 | H15: =+Operacion!D109 -> Selección Acompanante
B17: Verificador: | E17: =+Operacion!#REF! -> #REF!
B19: Operador | E19: =+Operacion!#REF! -> #REF!
B21: Lugar de carga | E21: =+Operacion!H104 -> 0
B25: Contacto: | E25: =+Operacion!H105 -> 0
E26: =+Operacion!L105 -> 0
B28: Lugar de descarga | E28: =+Operacion!H106 -> 0
B32: Contacto: | E32: =+Operacion!H107 -> 0
E33: =+Operacion!L107 -> 0
B35: Observaciones | E35: incluir las observaciones correpondientes

Sheet 405-Autoelevador 
B2: Remito | E2: =+Operacion!G111 -> Seleccione Empresa | G2: Fecha: | H2: =+Operacion!D1 -> 46278
B4: Cliente | E4: =+Operacion!H112 -> 0 | G4: Hora de salida: | H4: =+Operacion!L112 -> 0
B6: Equipo: | E6: =+Operacion!B112 -> GDU405 | G6: Marca | H6: =VLOOKUP(E6,tablaequipo,6) -> SINOBANG
E7: =VLOOKUP(E6,tablaequipo,4) -> Autoelevador | G7: Modelo | H7: =VLOOKUP(E6,tablaequipo,7) -> CPCD 70
E8: =VLOOKUP(E6,tablaequipo,5) -> 7 | G8: Patente | H8: =VLOOKUP(E6,tablaequipo,8) -> 0
B10: Chofer: | E10: =+Operacion!D112 -> Seleccione Chofer
B13: Acompañantes: | D13: 1 | E13: =+Operacion!D113 -> Selección Acompanante | G13: 4 | H13: =+Operacion!D116 -> Selección Acompanante
D14: 2 | E14: =+Operacion!D114 -> Selección Acompanante | G14: 5 | H14: =+Operacion!D117 -> Selección Acompanante
D15: 3 | E15: =+Operacion!D115 -> Selección Acompanante | G15: 6 | H15: =+Operacion!D118 -> Selección Acompanante
B17: Verificador: | E17: =+Operacion!H117 -> Seleccione Verificador
B19: Operador | E19: =+Operacion!K117 -> Selección Operador
B21: Lugar de carga | E21: =+Operacion!H113 -> 0
B25: Contacto: | E25: =+Operacion!H114 -> 0
E26: =+Operacion!L114 -> 0
B28: Lugar de descarga | E28: =+Operacion!H115 -> 0
B32: Contacto: | E32: =+Operacion!H116 -> 0
E33: =+Operacion!L116 -> 0
B35: Observaciones | E35: incluir las observaciones correpondientes

Sheet 406-Autoelevador
B2: Remito | E2: =+Operacion!G120 -> Seleccione Empresa | G2: Fecha: | H2: =+Operacion!D1 -> 46278
B4: Cliente | E4: =+Operacion!H121 -> 0 | G4: Hora de salida: | H4: =+Operacion!L121 -> 0
B6: Equipo: | E6: =+Operacion!B121 -> GDU406 | G6: Marca | H6: =VLOOKUP(E6,tablaequipo,6) -> SINOBANG
E7: =VLOOKUP(E6,tablaequipo,4) -> Autoelevador | G7: Modelo | H7: =VLOOKUP(E6,tablaequipo,7) -> CPCD 25
E8: =VLOOKUP(E6,tablaequipo,5) -> 2.5 | G8: Patente | H8: =VLOOKUP(E6,tablaequipo,8) -> 0
B10: Chofer: | E10: =+Operacion!D121 -> Seleccione Chofer
B13: Acompañantes: | D13: 1 | E13: =+Operacion!D122 -> Selección Acompanante | G13: 4 | H13: =+Operacion!D125 -> Selección Acompanante
D14: 2 | E14: =+Operacion!D123 -> Selección Acompanante | G14: 5 | H14: =+Operacion!D126 -> Selección Acompanante
D15: 3 | E15: =+Operacion!D124 -> Selección Acompanante | G15: 6 | H15: =+Operacion!D127 -> Selección Acompanante
B17: Verificador: | E17: =+Operacion!#REF! -> #REF!
B19: Operador | E19: =+Operacion!#REF! -> #REF!
B21: Lugar de carga | E21: =+Operacion!H122 -> 0
B25: Contacto: | E25: =+Operacion!H123 -> 0
E26: =+Operacion!L123 -> 0
B28: Lugar de descarga | E28: =+Operacion!H124 -> 0
B32: Contacto: | E32: =+Operacion!H125 -> 0
E33: =+Operacion!L125 -> 0
B35: Observaciones | E35: incluir las observaciones correpondientes

Sheet 407-Autoelevador
B2: Remito | E2: =+Operacion!G129 -> Seleccione Empresa | G2: Fecha: | H2: =+Operacion!D1 -> 46278
B4: Cliente | E4: =+Operacion!H130 -> 0 | G4: Hora de salida: | H4: =+Operacion!L130 -> 0
B6: Equipo: | E6: =+Operacion!B130 -> GDU407 | G6: Marca | H6: =VLOOKUP(E6,tablaequipo,6) -> SINOBANG
E7: =VLOOKUP(E6,tablaequipo,4) -> Autoelevador | G7: Modelo | H7: =VLOOKUP(E6,tablaequipo,7) -> CPCD 30
E8: =VLOOKUP(E6,tablaequipo,5) -> 3 | G8: Patente | H8: =VLOOKUP(E6,tablaequipo,8) -> 0
B10: Chofer: | E10: =+Operacion!D130 -> Seleccione Chofer
B13: Acompañantes: | D13: 1 | E13: =+Operacion!D131 -> Selección Acompanante | G13: 4 | H13: =+Operacion!D134 -> Selección Acompanante
D14: 2 | E14: =+Operacion!D132 -> Selección Acompanante | G14: 5 | H14: =+Operacion!D135 -> Selección Acompanante
D15: 3 | E15: =+Operacion!D133 -> Selección Acompanante | G15: 6 | H15: =+Operacion!D136 -> Selección Acompanante
B17: Verificador: | E17: =+Operacion!H135 -> Seleccione Verificador
B19: Operador | E19: =+Operacion!K135 -> Selección Operador
B21: Lugar de carga | E21: =+Operacion!H131 -> 0
B25: Contacto: | E25: =+Operacion!H132 -> 0
E26: =+Operacion!L132 -> 0
B28: Lugar de descarga | E28: =+Operacion!H133 -> 0
B32: Contacto: | E32: =+Operacion!H134 -> 0
E33: =+Operacion!L134 -> 0
B35: Observaciones | E35: incluir las observaciones correpondientes

Sheet 408-Autoelevador 
B2: Remito | E2: =+Operacion!G138 -> Seleccione Empresa | G2: Fecha: | H2: =+Operacion!D1 -> 46278
B4: Cliente | E4: =+Operacion!H139 -> 0 | G4: Hora de salida: | H4: =+Operacion!L139 -> 0
B6: Equipo: | E6: =+Operacion!B139 -> GDU408 | G6: Marca | H6: =VLOOKUP(E6,tablaequipo,6) -> SINOBANG
E7: =VLOOKUP(E6,tablaequipo,4) -> Autoelevador | G7: Modelo | H7: =VLOOKUP(E6,tablaequipo,7) -> CPCD 100
E8: =VLOOKUP(E6,tablaequipo,5) -> 10 | G8: Patente | H8: =VLOOKUP(E6,tablaequipo,8) -> 0
B10: Chofer: | E10: =+Operacion!D139 -> 0
B13: Acompañantes: | D13: 1 | E13: =+Operacion!D140 -> 0 | G13: 4 | H13: =+Operacion!D143 -> 0
D14: 2 | E14: =+Operacion!D141 -> 0 | G14: 5 | H14: =+Operacion!D144 -> 0
D15: 3 | E15: =+Operacion!D142 -> 0 | G15: 6 | H15: =+Operacion!D145 -> 0
B17: Verificador: | E17: =+Operacion!H144 -> Seleccione Verificador
B19: Operador | E19: =+Operacion!K144 -> Selección Operador
B21: Lugar de carga | E21: =+Operacion!H140 -> 0
B25: Contacto: | E25: =+Operacion!H141 -> 0
E26: =+Operacion!L141 -> 0
B28: Lugar de descarga | E28: =+Operacion!H142 -> 0
B32: Contacto: | E32: =+Operacion!H143 -> 0
E33: =+Operacion!L143 -> 0
B35: Observaciones | E35: incluir las observaciones correpondientes

Sheet 454-Manipiulador
B2: Remito | E2: =+Operacion!G147 -> Seleccione Empresa | G2: Fecha: | H2: =+Operacion!D1 -> 46278
B4: Cliente | E4: =+Operacion!H148 -> 0 | G4: Hora de salida: | H4: =+Operacion!L148 -> 0
B6: Equipo: | E6: =+Operacion!B148 -> GDU454 | G6: Marca | H6: =VLOOKUP(E6,tablaequipo,6) -> Haulote
E7: =VLOOKUP(E6,tablaequipo,4) -> Manipulador | G7: Modelo | H7: =VLOOKUP(E6,tablaequipo,7) -> Hlt4014
E8: =VLOOKUP(E6,tablaequipo,5) -> 0 | G8: Patente | H8: =VLOOKUP(E6,tablaequipo,8) -> 0
B10: Chofer: | E10: =+Operacion!D148 -> Seleccione Chofer
B13: Acompañantes: | D13: 1 | E13: =+Operacion!D149 -> Selección Acompanante | G13: 4 | H13: =+Operacion!D152 -> Selección Acompanante
D14: 2 | E14: =+Operacion!D150 -> Selección Acompanante | G14: 5 | H14: =+Operacion!D153 -> Selección Acompanante
D15: 3 | E15: =+Operacion!D151 -> Selección Acompanante | G15: 6 | H15: =+Operacion!D154 -> Selección Acompanante
B17: Verificador: | E17: =+Operacion!#REF! -> #REF!
B19: Operador | E19: =+Operacion!#REF! -> #REF!
B21: Lugar de carga | E21: =+Operacion!H149 -> 0
B25: Contacto: | E25: =+Operacion!H150 -> 0
E26: =+Operacion!L150 -> 0
B28: Lugar de descarga | E28: =+Operacion!H151 -> 0
B32: Contacto: | E32: =+Operacion!H152 -> 0
E33: =+Operacion!L152 -> 0
B35: Observaciones

Sheet 701-Grua Alquilada
B2: Remito | E2: =+Operacion!G156 -> Seleccione Empresa | G2: Fecha: | H2: =+Operacion!D1 -> 46278
B4: Cliente | E4: =+Operacion!H157 -> 0 | G4: Hora de salida: | H4: =+Operacion!L157 -> 0
B6: Equipo: | E6: =+Operacion!B157 -> GDU701 | G6: Marca | H6: =VLOOKUP(E6,tablaequipo,6) -> Alguiler Grua
E7: =VLOOKUP(E6,tablaequipo,4) -> Grua | G7: Modelo | H7: =VLOOKUP(E6,tablaequipo,7) -> 0
E8: =VLOOKUP(E6,tablaequipo,5) -> 0 | G8: Patente | H8: =VLOOKUP(E6,tablaequipo,8) -> 0
B10: Chofer: | E10: =+Operacion!D157 -> Seleccione Chofer
B13: Acompañantes: | D13: 1 | E13: =+Operacion!D158 -> Selección Acompanante | G13: 4 | H13: =+Operacion!D161 -> Selección Acompanante
D14: 2 | E14: =+Operacion!D159 -> Selección Acompanante | G14: 5 | H14: =+Operacion!D162 -> Selección Acompanante
D15: 3 | E15: =+Operacion!D160 -> Selección Acompanante | G15: 6 | H15: =+Operacion!D163 -> Selección Acompanante
B17: Verificador: | E17: =+Operacion!#REF! -> #REF!
B19: Operador | E19: =+Operacion!#REF! -> #REF!
B21: Lugar de carga | E21: =+Operacion!H158 -> 0
B25: Contacto: | E25: =+Operacion!H159 -> 0
E26: =+Operacion!L159 -> 0
B28: Lugar de descarga | E28: =+Operacion!H160 -> 0
B32: Contacto: | E32: =+Operacion!H161 -> 0
E33: =+Operacion!L161 -> 0
B35: Observaciones

Sheet 500-Liebherr 1030
B2: Remito | E2: =+Operacion!G165 -> Gruas Daniele | G2: Fecha: | H2: =+Operacion!D1 -> 46278
B4: Cliente | E4: =+Operacion!H166 -> IDENTIDAD CORPORATIVA ARGENTINA | G4: Hora de salida: | H4: =+Operacion!L166 -> 0.25
B6: Equipo: | E6: =+Operacion!B166 -> GDU500 | G6: Marca | H6: =VLOOKUP(E6,tablaequipo,6) -> LIEBHERR
E7: =VLOOKUP(E6,tablaequipo,4) -> Grua | G7: Modelo | H7: =VLOOKUP(E6,tablaequipo,7) -> LTM 1030
E8: =VLOOKUP(E6,tablaequipo,5) -> 30 | G8: Patente | H8: =VLOOKUP(E6,tablaequipo,8) -> -
B10: Chofer: | E10: =+Operacion!D166 -> Campos Fernandez Jose Antonio
B13: Acompañantes: | D13: 1 | E13: =+Operacion!D167 -> 0 | G13: 4 | H13: =+Operacion!D170 -> 0
D14: 2 | E14: =+Operacion!D168 -> 0 | G14: 5 | H14: =+Operacion!D171 -> 0
D15: 3 | E15: =+Operacion!D169 -> 0 | G15: 6 | H15: =+Operacion!D172 -> 0
B17: Verificador: | E17: =+Operacion!H171 -> Seleccione Verificador
B19: Operador | E19: =+Operacion!K171 -> Recines Alejandro
B21: Lugar de carga | E21: =+Operacion!H167 -> MAC DONALD´S - AV 14 N°5002, BERAZATEGUI
B25: Contacto: | E25: =+Operacion!H168 -> 0
E26: =+Operacion!L168 -> 0
B28: Lugar de descarga | E28: =+Operacion!H169 -> 0
B32: Contacto: | E32: =+Operacion!H170 -> 0
E33: =+Operacion!L170 -> 0
B35: Observaciones | E35: SERVICIO DE IZAJE DE PERSONAL MEDIANTE BARQUILLA ==REMITO MINIMO DE 10 HS == (ELLOS PONEN LA BARQUILLA )

Sheet 502-Liebherr 1070
B2: Remito | E2: =+Operacion!G174 -> Seleccione Empresa | G2: Fecha: | H2: =+Operacion!D1 -> 46278
B4: Cliente | E4: =+Operacion!H175 -> 0 | G4: Hora de salida: | H4: =+Operacion!L175 -> 0
B6: Equipo: | E6: =+Operacion!B175 -> GDU502 | G6: Marca | H6: =VLOOKUP(E6,tablaequipo,6) -> LIEBHERR
E7: =VLOOKUP(E6,tablaequipo,4) -> Grua | G7: Modelo | H7: =VLOOKUP(E6,tablaequipo,7) -> LTM 1070
E8: =VLOOKUP(E6,tablaequipo,5) -> 70 | G8: Patente | H8: =VLOOKUP(E6,tablaequipo,8) -> LGU 098
B10: Chofer: | E10: =+Operacion!D175 -> Seleccione Chofer
B13: Acompañantes: | D13: 1 | E13: =+Operacion!D176 -> Selección Acompanante | G13: 4 | H13: =+Operacion!D179 -> Selección Acompanante
D14: 2 | E14: =+Operacion!D177 -> Selección Acompanante | G14: 5 | H14: =+Operacion!D180 -> Selección Acompanante
D15: 3 | E15: =+Operacion!D178 -> Selección Acompanante | G15: 6 | H15: =+Operacion!D181 -> Selección Acompanante
B17: Verificador: | E17: =+Operacion!H180 -> Seleccione Verificador
B19: Operador | E19: =+Operacion!K180 -> Selección Operador
B21: Lugar de carga | E21: =+Operacion!H176 -> 0
B25: Contacto: | E25: =+Operacion!H177 -> 0
E26: =+Operacion!L177 -> 0
B28: Lugar de descarga | E28: =+Operacion!H178 -> 0
B32: Contacto: | E32: =+Operacion!H179 -> 0
E33: =+Operacion!L179 -> 0
B35: Observaciones

Sheet 503-Liebherr 1090
B2: Remito | E2: =+Operacion!G183 -> Seleccione Empresa | G2: Fecha: | H2: =+Operacion!D1 -> 46278
B4: Cliente | E4: =+Operacion!H184 -> 0 | G4: Hora de salida: | H4: =+Operacion!L184 -> 0
B6: Equipo: | E6: =+Operacion!B184 -> GDU503 | G6: Marca | H6: =VLOOKUP(E6,tablaequipo,6) -> LIEBHERR
E7: =VLOOKUP(E6,tablaequipo,4) -> Grua | G7: Modelo | H7: =VLOOKUP(E6,tablaequipo,7) -> LTM 1090
E8: =VLOOKUP(E6,tablaequipo,5) -> 90 | G8: Patente | H8: =VLOOKUP(E6,tablaequipo,8) -> AG897CT
B10: Chofer: | E10: =+Operacion!D184 -> Seleccione Chofer
B13: Acompañantes: | D13: 1 | E13: =+Operacion!D185 -> Selección Acompanante | G13: 4 | H13: =+Operacion!D188 -> Selección Acompanante
D14: 2 | E14: =+Operacion!D186 -> Selección Acompanante | G14: 5 | H14: =+Operacion!D189 -> Selección Acompanante
D15: 3 | E15: =+Operacion!D187 -> Selección Acompanante | G15: 6 | H15: =+Operacion!D190 -> Selección Acompanante
B17: Verificador: | E17: =+Operacion!H189 -> Seleccione Verificador
B19: Operador | E19: =+Operacion!K189 -> Selección Operador
B21: Lugar de carga | E21: =+Operacion!H185 -> 0
B25: Contacto: | E25: =+Operacion!H186 -> 0
E26: =+Operacion!L186 -> 0
B28: Lugar de descarga | E28: =+Operacion!H187 -> 0
B32: Contacto: | E32: =+Operacion!H188 -> 0
E33: =+Operacion!L188 -> 0
B35: Observaciones

Sheet 504-Liebherr 1100
B2: Remito | E2: =+Operacion!G192 -> Seleccione Empresa | G2: Fecha: | H2: =+Operacion!D1 -> 46278
B4: Cliente | E4: =+Operacion!H193 -> 0 | G4: Hora de salida: | H4: =+Operacion!L193 -> 0
B6: Equipo: | E6: =+Operacion!B193 -> GDU504 | G6: Marca | H6: =VLOOKUP(E6,tablaequipo,6) -> LIEBHERR
E7: =VLOOKUP(E6,tablaequipo,4) -> Grua | G7: Modelo | H7: =VLOOKUP(E6,tablaequipo,7) -> LTM 1100
E8: =VLOOKUP(E6,tablaequipo,5) -> 100 | G8: Patente | H8: =VLOOKUP(E6,tablaequipo,8) -> 0
B10: Chofer: | E10: =+Operacion!D193 -> 0
B13: Acompañantes: | D13: 1 | E13: =+Operacion!D194 -> 0 | G13: 4 | H13: =+Operacion!D197 -> 0
D14: 2 | E14: =+Operacion!D195 -> 0 | G14: 5 | H14: =+Operacion!D198 -> 0
D15: 3 | E15: =+Operacion!D196 -> 0 | G15: 6 | H15: =+Operacion!D199 -> 0
B17: Verificador: | E17: =+Operacion!H198 -> Seleccione Verificador
B19: Operador | E19: =+Operacion!K198 -> Selección Operador
B21: Lugar de carga | E21: =+Operacion!H194 -> 0
B25: Contacto: | E25: =+Operacion!H195 -> 0
E26: =+Operacion!L195 -> 0
B28: Lugar de descarga | E28: =+Operacion!H196 -> 0
B32: Contacto: | E32: =+Operacion!H197 -> 0
E33: =+Operacion!L197 -> 0
B35: Observaciones

Sheet 505-Liebherr 1250
B2: Remito | E2: =+Operacion!G201 -> Seleccione Empresa | G2: Fecha: | H2: =+Operacion!D1 -> 46278
B4: Cliente | E4: =+Operacion!H202 -> 0 | G4: Hora de salida: | H4: =+Operacion!L202 -> 0
B6: Equipo: | E6: =+Operacion!B202 -> GDU505 | G6: Marca | H6: =VLOOKUP(E6,tablaequipo,6) -> LIEBHERR
E7: =VLOOKUP(E6,tablaequipo,4) -> Grua | G7: Modelo | H7: =VLOOKUP(E6,tablaequipo,7) -> LTM 1250
E8: =VLOOKUP(E6,tablaequipo,5) -> 250 | G8: Patente | H8: =VLOOKUP(E6,tablaequipo,8) -> 0
B10: Chofer: | E10: =+Operacion!D202 -> 0
B13: Acompañantes: | D13: 1 | E13: =+Operacion!D203 -> 0 | G13: 4 | H13: =+Operacion!D206 -> 0
D14: 2 | E14: =+Operacion!D204 -> 0 | G14: 5 | H14: =+Operacion!D207 -> 0
D15: 3 | E15: =+Operacion!D205 -> 0 | G15: 6 | H15: =+Operacion!D208 -> 0
B17: Verificador: | E17: =+Operacion!H207 -> Seleccione Verificador
B19: Operador | E19: =+Operacion!K207 -> Selección Operador
B21: Lugar de carga | E21: =+Operacion!H203 -> 0
B25: Contacto: | E25: =+Operacion!H204 -> 0
E26: =+Operacion!L204 -> 0
B28: Lugar de descarga | E28: =+Operacion!H205 -> 0
B32: Contacto: | E32: =+Operacion!H206 -> 0
E33: =+Operacion!L206 -> 0
B35: Observaciones

Sheet 510- Tadano 300ex
B2: Remito | E2: =+Operacion!G210 -> Transporte Daniele | G2: Fecha: | H2: =+Operacion!D1 -> 46278
B4: Cliente | E4: =+Operacion!H211 -> RECONSTRUCCION DE CAÑOS SA | G4: Hora de salida: | H4: =+Operacion!L211 -> 0.29166667
B6: Equipo: | E6: =+Operacion!B211 -> GDU510 | G6: Marca | H6: =VLOOKUP(E6,tablaequipo,6) -> TADANO
E7: =VLOOKUP(E6,tablaequipo,4) -> Grua | G7: Modelo | H7: =VLOOKUP(E6,tablaequipo,7) -> GR 300 EX
E8: =VLOOKUP(E6,tablaequipo,5) -> 30 | G8: Patente | H8: =VLOOKUP(E6,tablaequipo,8) -> BIA 75
B10: Chofer: | E10: =+Operacion!D211 -> Barreto Braian Jose
B13: Acompañantes: | D13: 1 | E13: =+Operacion!D212 -> 0 | G13: 4 | H13: =+Operacion!D215 -> 0
D14: 2 | E14: =+Operacion!D213 -> 0 | G14: 5 | H14: =+Operacion!D216 -> 0
D15: 3 | E15: =+Operacion!D214 -> 0 | G15: 6 | H15: =+Operacion!D217 -> 0
B17: Verificador: | E17: =+Operacion!H216 -> Seleccione Verificador
B19: Operador | E19: =+Operacion!K216 -> Recines Alejandro
B21: Lugar de carga | E21: =+Operacion!H212 -> AV ASTURIAS & P° ISLAS MALVINAS, CABA (VER UBICACION)
B25: Contacto: | E25: =+Operacion!H213 -> SEBASTIAN
E26: =+Operacion!L213 -> 11 5126-8172
B28: Lugar de descarga | E28: =+Operacion!H214 -> 0
B32: Contacto: | E32: =+Operacion!H215 -> 0
E33: =+Operacion!L215 -> 0
B35: Observaciones

Sheet 516-Grove gmk 2035 
B2: Remito | E2: =+Operacion!G219 -> Seleccione Empresa | G2: Fecha: | H2: =+Operacion!D1 -> 46278
B4: Cliente | E4: =+Operacion!H220 -> 0 | G4: Hora de salida: | H4: =+Operacion!L220 -> 0
B6: Equipo: | E6: =+Operacion!B220 -> GDU516 | G6: Marca | H6: =VLOOKUP(E6,tablaequipo,6) -> GROVE
E7: =VLOOKUP(E6,tablaequipo,4) -> Grua | G7: Modelo | H7: =VLOOKUP(E6,tablaequipo,7) -> GMK 2035
E8: =VLOOKUP(E6,tablaequipo,5) -> 35 | G8: Patente | H8: =VLOOKUP(E6,tablaequipo,8) -> AG897CG
B10: Chofer: | E10: =+Operacion!D220 -> 0
B13: Acompañantes: | D13: 1 | E13: =+Operacion!D221 -> 0 | G13: 4 | H13: =+Operacion!D224 -> 0
D14: 2 | E14: =+Operacion!D222 -> 0 | G14: 5 | H14: =+Operacion!D225 -> 0
D15: 3 | E15: =+Operacion!D223 -> 0 | G15: 6 | H15: =+Operacion!D226 -> 0
B17: Verificador: | E17: =+Operacion!H225 -> Seleccione Verificador
B19: Operador | E19: =+Operacion!K225 -> Selección Operador
B21: Lugar de carga | E21: =+Operacion!H221 -> 0
B25: Contacto: | E25: =+Operacion!H222 -> 0
E26: =+Operacion!L222 -> 0
B28: Lugar de descarga | E28: =+Operacion!H223 -> 0
B32: Contacto: | E32: =+Operacion!H224 -> 0
E33: =+Operacion!L224 -> 0
B35: Observaciones

Sheet 517-Grove gmk 5130
B2: Remito | E2: =+Operacion!G228 -> Seleccione Empresa | G2: Fecha: | H2: =+Operacion!D1 -> 46278
B4: Cliente | E4: =+Operacion!H229 -> 0 | G4: Hora de salida: | H4: =+Operacion!L229 -> 0
B6: Equipo: | E6: =+Operacion!B229 -> GDU517 | G6: Marca | H6: =VLOOKUP(E6,tablaequipo,6) -> GROVE
E7: =VLOOKUP(E6,tablaequipo,4) -> Grua | G7: Modelo | H7: =VLOOKUP(E6,tablaequipo,7) -> GMK 5130
E8: =VLOOKUP(E6,tablaequipo,5) -> 130 | G8: Patente | H8: =VLOOKUP(E6,tablaequipo,8) -> -
B10: Chofer: | E10: =+Operacion!D229 -> 0
B13: Acompañantes: | D13: 1 | E13: =+Operacion!D230 -> 0 | G13: 4 | H13: =+Operacion!D233 -> 0
D14: 2 | E14: =+Operacion!D231 -> 0 | G14: 5 | H14: =+Operacion!D234 -> 0
D15: 3 | E15: =+Operacion!D232 -> 0 | G15: 6 | H15: =+Operacion!D235 -> 0
B17: Verificador: | E17: =+Operacion!H234 -> Seleccione Verificador
B19: Operador | E19: =+Operacion!K234 -> Selección Operador
B21: Lugar de carga | E21: =+Operacion!H230 -> 0
B25: Contacto: | E25: =+Operacion!H231 -> 0
E26: =+Operacion!L231 -> 0
B28: Lugar de descarga | E28: =+Operacion!H232 -> 0
B32: Contacto: | E32: =+Operacion!H233 -> 0
E33: =+Operacion!L233 -> 0
B35: Observaciones | E35: SERVICIO MENSUAL DE GRUA DE 30 TN ==REMITO MINIMO DE 7 HORAS DE LUNES A SABADO, LOS DOMINGOS MINIMO DE 10 HS, DIAS DE LLUVIA SON 7 HORA MINIMAS Y NO SE CONTABILIZAN LA HORA DE ALMUERZO ==

Sheet 518 - Liebherr 1060 3.1
B2: Remito | E2: =+Operacion!G237 -> Gruas Daniele | G2: Fecha: | H2: =+Operacion!D1 -> 46278
B4: Cliente | E4: =+Operacion!H238 -> REF MAR S R L | G4: Hora de salida: | H4: =+Operacion!L238 -> 0.27083333
B6: Equipo: | E6: =+Operacion!B238 -> GDU518 | G6: Marca | H6: =VLOOKUP(E6,tablaequipo,6) -> LIEBHERR
E7: =VLOOKUP(E6,tablaequipo,4) -> Grua | G7: Modelo | H7: =VLOOKUP(E6,tablaequipo,7) -> LTM -1060 3.1
E8: =VLOOKUP(E6,tablaequipo,5) -> 60 | G8: Patente | H8: =VLOOKUP(E6,tablaequipo,8) -> -
B10: Chofer: | E10: =+Operacion!D238 -> Lazarte Lucas Matias
B13: Acompañantes: | D13: 1 | E13: =+Operacion!D239 -> 0 | G13: 4 | H13: =+Operacion!D242 -> 0
D14: 2 | E14: =+Operacion!D240 -> 0 | G14: 5 | H14: =+Operacion!D243 -> 0
D15: 3 | E15: =+Operacion!D241 -> 0 | G15: 6 | H15: =+Operacion!D244 -> 0
B17: Verificador: | E17: =+Operacion!#REF! -> #REF!
B19: Operador | E19: =+Operacion!#REF! -> #REF!
B21: Lugar de carga | E21: =+Operacion!H239 -> PLANTA MASTELLONE (GRAL RODRIGUEZ)
B25: Contacto: | E25: =+Operacion!H240 -> 0
E26: =+Operacion!L240 -> 0
B28: Lugar de descarga | E28: =+Operacion!H241 -> 0
B32: Contacto: | E32: =+Operacion!H242 -> 0
E33: =+Operacion!L242 -> 0
B35: Observaciones | E35: IZAJE DE CAÑOS Y PERFILES ==REMITO MINIMO DE 10 HS==

Sheet 520 - Liebherr 1070
B2: Remito | E2: =+Operacion!G246 -> Seleccione Empresa | G2: Fecha: | H2: =+Operacion!D1 -> 46278
B4: Cliente | E4: =+Operacion!H247 -> 0 | G4: Hora de salida: | H4: =+Operacion!L247 -> 0
B6: Equipo: | E6: =Operacion!B247 -> GDU520 | G6: Marca | H6: =VLOOKUP(E6,tablaequipo,6) -> LIEBHERR
E7: =VLOOKUP(E6,tablaequipo,4) -> Grua | G7: Modelo | H7: =VLOOKUP(E6,tablaequipo,7) -> LTM1070
E8: =VLOOKUP(E6,tablaequipo,5) -> 70 | G8: Patente | H8: =VLOOKUP(E6,tablaequipo,8) -> ZZ001UC
B10: Chofer: | E10: =Operacion!D247 -> Seleccione Chofer
B13: Acompañantes: | D13: 1 | E13: =Operacion!D248 -> Selección Acompanante | G13: 4 | H13: =+Operacion!D251 -> Selección Acompanante
D14: 2 | E14: =Operacion!D249 -> Selección Acompanante | G14: 5 | H14: =+Operacion!D252 -> Selección Acompanante
D15: 3 | E15: =Operacion!D250 -> Selección Acompanante | G15: 6 | H15: =+Operacion!D253 -> Selección Acompanante
B17: Verificador: | E17: =+Operacion!H252 -> Seleccione Verificador
B19: Operador | E19: =+Operacion!K252 -> Selección Operador
B21: Lugar de carga | E21: =+Operacion!H248 -> 0
B25: Contacto: | E25: =+Operacion!H249 -> 0
E26: =+Operacion!L249 -> 0
B28: Lugar de descarga | E28: =+Operacion!H250 -> 0
B32: Contacto: | E32: =+Operacion!H251 -> 0
E33: =+Operacion!L251 -> 0
B35: Observaciones

Sheet 521 - Liebherr 1150
B2: Remito | E2: =+Operacion!G255 -> Gruas Daniele | G2: Fecha: | H2: =+Operacion!D1 -> 46278
B4: Cliente | E4: =+Operacion!H256 -> NUCLEOELECTICA ARGENTIN SA | G4: Hora de salida: | H4: =+Operacion!L256 -> 0.25
B6: Equipo: | E6: =Operacion!B256 -> GDU521 | G6: Marca | H6: =VLOOKUP(E6,tablaequipo,6) -> LIEBHERR
E7: =VLOOKUP(E6,tablaequipo,4) -> Grua | G7: Modelo | H7: =VLOOKUP(E6,tablaequipo,7) -> LTM 1150
E8: =VLOOKUP(E6,tablaequipo,5) -> 150 | G8: Patente | H8: =VLOOKUP(E6,tablaequipo,8) -> -
B10: Chofer: | E10: =Operacion!D256 -> 0
B13: Acompañantes: | D13: 1 | E13: =Operacion!D257 -> 0 | G13: 4 | H13: =+Operacion!D260 -> 0
D14: 2 | E14: =Operacion!D258 -> 0 | G14: 5 | H14: =+Operacion!D261 -> 0
D15: 3 | E15: =Operacion!D259 -> 0 | G15: 6 | H15: =+Operacion!D262 -> 0
B17: Verificador: | E17: =+Operacion!H261 -> Seleccione Verificador
B19: Operador | E19: =+Operacion!K261 -> Recines Alejandro
B21: Lugar de carga | E21: =+Operacion!H257 -> PREDIO ASECG II, LIMA ZARATE
B25: Contacto: | E25: =+Operacion!H258 -> 0
E26: =+Operacion!L258 -> 0
B28: Lugar de descarga | E28: =+Operacion!H259 -> 0
B32: Contacto: | E32: =+Operacion!H260 -> 0
E33: =+Operacion!L260 -> 0
B35: Observaciones

Sheet 522 - Liebherr 1230
B2: Remito | E2: =+Operacion!G264 -> Seleccione Empresa | G2: Fecha: | H2: =+Operacion!D1 -> 46278
B4: Cliente | E4: =+Operacion!H265 -> 0 | G4: Hora de salida: | H4: =+Operacion!L265 -> 0
B6: Equipo: | E6: =+Operacion!B265 -> GDU522 | G6: Marca | H6: =VLOOKUP(E6,tablaequipo,6) -> LIEBHERR
E7: =VLOOKUP(E6,tablaequipo,4) -> Grua | G7: Modelo | H7: =VLOOKUP(E6,tablaequipo,7) -> LTM 1230
E8: =VLOOKUP(E6,tablaequipo,5) -> 230 | G8: Patente | H8: =VLOOKUP(E6,tablaequipo,8) -> 0
B10: Chofer: | E10: =+Operacion!D265 -> Seleccione Chofer
B13: Acompañantes: | D13: 1 | E13: =+Operacion!D266 -> Selección Acompanante | G13: 4 | H13: =+Operacion!D269 -> Selección Acompanante
D14: 2 | E14: =+Operacion!D267 -> Selección Acompanante | G14: 5 | H14: =+Operacion!D270 -> Selección Acompanante
D15: 3 | E15: =+Operacion!D268 -> Selección Acompanante | G15: 6 | H15: =+Operacion!D271 -> Selección Acompanante
B17: Verificador: | E17: =+Operacion!H270 -> Seleccione Verificador
B19: Operador | E19: =+Operacion!K270 -> Selección Operador
B21: Lugar de carga | E21: =+Operacion!H266 -> 0
B25: Contacto: | E25: =+Operacion!H267 -> 0
E26: =+Operacion!L267 -> 0
B28: Lugar de descarga | E28: =+Operacion!H268 -> 0
B32: Contacto: | E32: =+Operacion!H269 -> 0
E33: =+Operacion!L269 -> 0
B35: Observaciones

Sheet 700-Alquiler 1
B2: Remito | E2: =+Operacion!G273 -> Seleccione Empresa | G2: Fecha: | H2: =+Operacion!D1 -> 46278
B4: Cliente | E4: =+Operacion!H274 -> 0 | G4: Hora de salida: | H4: =+Operacion!L274 -> 0
B6: Equipo: | E6: =+Operacion!B274 -> GDU700 | G6: Marca | H6: =VLOOKUP(E6,tablaequipo,6) -> Alguiler Grua
E7: =VLOOKUP(E6,tablaequipo,4) -> Grua | G7: Modelo | H7: =VLOOKUP(E6,tablaequipo,7) -> 0
E8: =VLOOKUP(E6,tablaequipo,5) -> 0 | G8: Patente | H8: =VLOOKUP(E6,tablaequipo,8) -> 0
B10: Chofer: | E10: =+Operacion!D274 -> Seleccione Chofer
B13: Acompañantes: | D13: 1 | E13: =+Operacion!D275 -> Selección Acompanante | G13: 4 | H13: =+Operacion!D278 -> Selección Acompanante
D14: 2 | E14: =+Operacion!D276 -> Selección Acompanante | G14: 5 | H14: =+Operacion!D279 -> Selección Acompanante
D15: 3 | E15: =+Operacion!D277 -> Selección Acompanante | G15: 6 | H15: =+Operacion!D280 -> Selección Acompanante
B17: Verificador: | E17: =+Operacion!H279 -> Seleccione Verificador
B19: Operador | E19: =+Operacion!K279 -> Selección Operador
B21: Lugar de carga | E21: =+Operacion!H275 -> 0
B25: Contacto: | E25: =+Operacion!H276 -> 0
E26: =+Operacion!L276 -> 0
B28: Lugar de descarga | E28: =+Operacion!H277 -> 0
B32: Contacto: | E32: =+Operacion!H278 -> 0
E33: =+Operacion!L278 -> 0
B35: Observaciones

Sheet 702-Alquiler 2
B2: Remito | E2: =+Operacion!G282 -> Seleccione Empresa | G2: Fecha: | H2: =+Operacion!D1 -> 46278
B4: Cliente | E4: =+Operacion!H283 -> 0 | G4: Hora de salida: | H4: =+Operacion!L283 -> 0
B6: Equipo: | E6: =+Operacion!B283 -> GDU701 | G6: Marca | H6: =VLOOKUP(E6,tablaequipo,4) -> Grua
G7: Modelo | H7: =VLOOKUP(E6,tablaequipo,5) -> 0
G8: Patente | H8: =VLOOKUP(E6,tablaequipo,6) -> Alguiler Grua
B10: Chofer: | E10: =+Operacion!D283 -> Seleccione Chofer
B13: Acompañantes: | D13: 1 | E13: =+Operacion!D284 -> Selección Acompanante | G13: 4 | H13: =+Operacion!D287 -> Selección Acompanante
D14: 2 | E14: =+Operacion!D285 -> Selección Acompanante | G14: 5 | H14: =+Operacion!D288 -> Selección Acompanante
D15: 3 | E15: =+Operacion!D286 -> Selección Acompanante | G15: 6 | H15: =+Operacion!D289 -> Selección Acompanante
B17: Verificador: | E17: =+Operacion!H288 -> Seleccione Verificador
B19: Operador | E19: =+Operacion!K288 -> Selección Operador
B21: Lugar de carga | E21: =+Operacion!H284 -> 0
B25: Contacto: | E25: =+Operacion!H285 -> 0
E26: =+Operacion!L285 -> 0
B28: Lugar de descarga | E28: =+Operacion!H286 -> 0
B32: Contacto: | E32: =+Operacion!H287 -> 0
E33: =+Operacion!L287 -> 0
B35: Observaciones

Sheet 703-Alquiler 3
B2: Remito | E2: =+Operacion!G291 -> Seleccione Empresa | G2: Fecha: | H2: =+Operacion!D1 -> 46278
B4: Cliente | E4: =+Operacion!H292 -> 0 | G4: Hora de salida: | H4: =+Operacion!L292 -> 0
B6: Equipo: | E6: =+Operacion!B292 -> GDU702 | G6: Marca | H6: =VLOOKUP(E6,tablaequipo,4) -> Grua
G7: Modelo | H7: =VLOOKUP(E6,tablaequipo,5) -> 0
G8: Patente | H8: =VLOOKUP(E6,tablaequipo,6) -> Alguiler Grua
B10: Chofer: | E10: =+Operacion!D292 -> Seleccione Chofer
B13: Acompañantes: | D13: 1 | E13: =+Operacion!D293 -> Selección Acompanante | G13: 4 | H13: =+Operacion!D296 -> Selección Acompanante
D14: 2 | E14: =+Operacion!D294 -> Selección Acompanante | G14: 5 | H14: =+Operacion!D297 -> Selección Acompanante
D15: 3 | E15: =+Operacion!D295 -> Selección Acompanante | G15: 6 | H15: =+Operacion!D298 -> Selección Acompanante
B17: Verificador: | E17: =+Operacion!H297 -> Seleccione Verificador
B19: Operador | E19: =+Operacion!K297 -> Selección Operador
B21: Lugar de carga | E21: =+Operacion!H293 -> 0
B25: Contacto: | E25: =+Operacion!H294 -> 0
E26: =+Operacion!L294 -> 0
B28: Lugar de descarga | E28: =+Operacion!H295 -> 0
B32: Contacto: | E32: =+Operacion!H296 -> 0
E33: =+Operacion!L296 -> 0
B35: Observaciones | E35: TRABAJO EN OBRA

Sheet Empresas
A1: Codigo | B1: Razon Social | C1: Empresa | D1: Cuit Cuil
A2: GD01 | B2: Gruas Daniele SRL | C2: Gruas Daniele | D2: 30-70755850-0
A3: GD02 | B3: Edgardo Daniele | C3: Transporte Daniele | D3: 20-17196140-9
A4: GD03 | B4: West Group SH | C4: West Group | D4: 30-71084691-6
A5: GD04 | B5: Nicolas Daniele | C5: Movimientos Industriales Oeste | D5: 20-93759578-7
A6: GD05 | B6: Daniele Calvin y Daniele Jayson SH | C6: Universal Cranes | D6: 30-71218531-3
A7: GD06 | B7: Ehingen Service SRL | C7: Ehingen Service | D7: 30-71410111-7
A8: GD07 | B8: Game Rental SRL | C8: Game Rental | D8: 30-71533904-4
A9: GD08 | B9: Jayson Daniele | C9: Hard Norton Rental SRL
A10: GD | B10: Jayson Daniele | C10: Seleccione Empresa
A17: 0 | C17: Seleccione Estado
A18: 1 | C18: En ejecucion
A19: 2 | C19: A confirmar
A20: 3 | C20: Finalizado
A24: 0 | C24: Seleccione Gestion
A25: 1 | C25: PERMISO CORTE
A26: 2 | C26: TRASLADO CARRETON
A27: 3 | C27: OTROS

Sheet Equipos
A1: # | B1: Nuevo Interno | C1: Nro | D1: Equipo Asignado | E1: Tipo | F1: TNs | G1: Marca | H1: Modelo | I1: Patente
A2: 0 | B2: GDU000 | E2: Selecciona Equipo
A3: 1 | B3: GDU001 | C3: 5 | E3: Liviano | G3: FIAT | H3: UNO | I3: EYI 197
A4: 2 | B4: GDU002 | C4: 6 | E4: Liviano | G4: FIAT | H4: UNO | I4: ODQ 087
A5: 4 | B5: GDU004 | E5: Liviano | G5: VOLKSWAGEN | H5: UP | I5: OQD 318
A6: 5 | B6: GDU005 | E6: Liviano | G6: BMW | I6: MKB 020
A7: 6 | B7: GDU006 | E7: Liviano | G7: Mini Cooper | I7: NJB 141
A8: 7 | B8: GDU007 | E8: Liviano | G8: Mercedes Benz | H8: Smart | I8: JML 855
A9: 8 | B9: GDU008 | E9: Liviano | G9: Austin | H9: Morris Mini mil | I9: AA 691 LE
A10: 9 | B10: GDU009 | E10: Liviano | G10: Porsche | H10: Carrera 4s Cabrilet | I10: AA 413 YE
A11: 12 | B11: GDU053 | C11: 4 | E11: Liviano | G11: FIAT | H11: FIORINO | I11: MHX 920
A12: 14 | B12: GDU055 | E12: Liviano | G12: VOLKSWAGEN | H12: AMAROK | I12: OGZ 054
A13: 15 | B13: GDU056 | E13: Liviano | G13: VOLKSWAGEN | H13: AMAROK | I13: AA 087 LA
A14: 16 | B14: GDU057 | E14: Liviano | G14: VOLKSWAGEN | H14: AMAROK | I14: NZF 438
A15: 17 | B15: GDU058 | E15: Liviano | G15: LIFAN | H15: FOISON CARGO | I15: AB 722 RN
B16: GDU063 | E16: Liviano | G16: TOYOTA | H16: HIILUX | I16: AD761JW
B17: GDU064 | E17: Liviano | G17: FIAT | H17: STRADA | I17: AH210SR
B18: GDU065 | E18: Liviano | G18: FIAT | H18: FIORINO | I18: AH255OH
A19: 18 | B19: GDU100 | C19: 30 | E19: Camion | G19: KIA | H19: K2500 | I19: ONT 594
A20: 19 | B20: GDU101 | C20: 31 | E20: Camion | G20: HYUNDAI | H20: HD78 | I20: JLM 355
A21: 20 | B21: GDU102 | C21: 32 | D21: GDU600 | E21: Camion | G21: VOLKSWAGEN | H21: 17220 | I21: LEP 354
A22: 21 | B22: GDU103 | C22: 33 | E22: Camion | G22: VOLKSWAGEN | H22: 15170 | I22: DNX 857
A23: 22 | B23: GDU104 | C23: 34 | D23: GDU601 | E23: Camion | G23: VOLKSWAGEN | H23: 13180 | I23: GRG 197
A24: 23 | B24: GDU105 | C24: 35 | D24: GDU602 | E24: Camion | G24: VOLKSWAGEN | H24: 9150 | I24: MRF 907
A25: 24 | B25: GDU106 | C25: 36 | D25: GDU603 | E25: Camion | G25: IVECO | H25: EURO 220 | I25: HOD 216
A26: 25 | B26: GDU108 | C26: 43 | E26: Tractor | G26: IVECO | H26: CURSOR | I26: PMR 220
A27: 26 | B27: GDU109 | C27: 39 | E27: Tractor | G27: SCANIA | H27: G410 | I27: PBA 177
A28: 27 | B28: GDU110 | D28: GDU604 | E28: Camion | G28: IVECO | H28: 170 E 22 | I28: AC 223 HV
A29: 28 | B29: GDU112 | E29: Tractor | G29: IVECO | H29: STRALIS - 440 | I29: AF442SD
A30: 29 | B30: 111 | E30: Camion | G30: IVECO | H30: DS - 240 | I30: AF009EJ
A31: 30 | B31: GDU113 | E31: Camion | G31: IVECO | H31: TECTOR 240 | I31: AG368PJ
A32: 31 | B32: GDU200 | C32: 40 | E32: Carreton | G32: SALTO | H32: CARRETON | I32: GEV 193
A33: 32 | B33: GDU201 | C33: 45 | E33: Carreton | G33: MARCELLINI | H33: CARRETON | I33: POB 342
A34: 33 | B34: GDU202 | E34: Boggy
A35: 34 | B35: GDU300 | C35: 41 | E35: Semirremolque | G35: GOMATRO | H35: SEMIRREMOLQUE | I35: SNN 095
A36: 35 | B36: GDU301 | C36: 42 | E36: Semirremolque | G36: PETTINARI | H36: SEMIRREMOLQUE | I36: OIM 691
A37: 36 | B37: GDU350 | E37: Trailer Amarok | I37: OGZ 054
A38: 38 | B38: GDU402 | C38: 72 | E38: Autoelevador | F38: 7.5 | G38: HELI | H38: 7500 | I38: BTX 078
A39: 39 | B39: GDU403 | C39: 73 | E39: Autoelevador | F39: 5.5 | G39: KOMATSU | H39: 5500 | I39: -
A40: 40 | B40: GDU404 | E40: Autoelevador | F40: 3 | G40: HYUNDAI | H40: DD 30 E | I40: -
A41: 41 | B41: GDU405 | E41: Autoelevador | F41: 7 | G41: SINOBANG | H41: CPCD 70
A42: 42 | B42: GDU406 | E42: Autoelevador | F42: 2.5 | G42: SINOBANG | H42: CPCD 25
A43: 43 | B43: GDU407 | E43: Autoelevador | F43: 3 | G43: SINOBANG | H43: CPCD 30
A44: 44 | B44: GDU408 | E44: Autoelevador | F44: 10 | G44: SINOBANG | H44: CPCD 100
A45: 45 | B45: GDU450 | E45: Plataforma | G45: Compact 10
A46: 46 | B46: GDU451 | E46: Plataforma | G46: Compact 12
A47: 47 | B47: GDU452 | E47: Plataforma | G47: Compact 14
A48: 48 | B48: GDU453 | E48: Brazo articulado | G48: Haulote | H48: Ha15ip
A49: 49 | B49: GDU454 | E49: Manipulador | G49: Haulote | H49: Hlt4014
A50: 50 | B50: GDU455 | E50: Plataforma | G50: Goman lift | H50: s12
A51: 51 | B51: GDU456 | E51: Plataforma | G51: Goman lift | H51: s12
A52: 52 | B52: GDU457 | E52: Plataforma | G52: Goman lift | H52: s12
A53: 53 | B53: GDU500 | C53: 88 | E53: Grua | F53: 30 | G53: LIEBHERR | H53: LTM 1030 | I53: -
A54: 55 | B54: GDU502 | C54: 83 | E54: Grua | F54: 70 | G54: LIEBHERR | H54: LTM 1070 | I54: LGU 098
A55: 56 | B55: GDU503 | C55: 84 | E55: Grua | F55: 90 | G55: LIEBHERR | H55: LTM 1090 | I55: AG897CT
A56: 57 | B56: GDU504 | E56: Grua | F56: 100 | G56: LIEBHERR | H56: LTM 1100
A57: 58 | B57: GDU505 | E57: Grua | F57: 250 | G57: LIEBHERR | H57: LTM 1250
A58: 62 | B58: GDU510 | C58: 87 | E58: Grua | F58: 30 | G58: TADANO | H58: GR 300 EX | I58: BIA 75
A59: 63 | B59: GDU511 | C59: 80 | E59: Grua | F59: 40 | G59: TEREX PPM | H59: ATT 400/3 | I59: -
A60: 65 | B60: GDU513 | C60: 74 | E60: Grua | F60: 7.5 | G60: CRANE | H60: 7500 | I60: CAK 015
A61: 66 | B61: GDU515 | E61: Grua | F61: 6.5 | G61: HYSTER | I61: BGY 080
A62: 67 | B62: GDU516 | E62: Grua | F62: 35 | G62: GROVE | H62: GMK 2035 | I62: AG897CG
A63: 68 | B63: GDU517 | E63: Grua | F63: 130 | G63: GROVE | H63: GMK 5130 | I63: -
A64: 69 | B64: GDU518 | E64: Grua | F64: 60 | G64: LIEBHERR | H64: LTM -1060 3.1 | I64: -
A65: 70 | B65: GDU519 | E65: Grua | F65: 70 | G65: TADANO | H65: FAUN HK-70 | I65: -
B66: GDU520 | E66: Grua | F66: 70 | G66: LIEBHERR | H66: LTM1070 | I66: ZZ001UC
A67: 71 | B67: GDU521 | E67: Grua | F67: 150 | G67: LIEBHERR | H67: LTM 1150 | I67: -
A68: 58 | B68: GDU522 | E68: Grua | F68: 230 | G68: LIEBHERR | H68: LTM 1230
A69: 72 | B69: GDU601 | D69: GDU104 | E69: Hidrogrua | G69: PM | H69: PM 24023 | I69: GA 211523
A70: 73 | B70: GDU602 | D70: GDU105 | E70: Hidrogrua | G70: AMCO VEBA | H70: VB 90-45 | I70: 9940
A71: 74 | B71: GDU603 | D71: GDU106 | E71: Hidrogrua | G71: COPMA | H71: 3428-RA-25 | I71: 24202
B72: GDU700 | C72: xx | E72: Grua | G72: Alguiler Grua
B73: GDU701 | C73: xx | E73: Grua | G73: Alguiler Grua
B74: GDU702 | C74: xx | E74: Grua | G74: Alguiler Grua
B75: GDU703 | C75: xx | E75: Grua | G75: Alguiler Grua
B76: GDU704 | C76: xx | E76: Grua | G76: Alguiler Grua
B77: GDU705 | C77: xx | E77: Grua | G77: Alguiler Grua
B78: GDU800 | C78: xx | E78: Camion | G78: Alquiler Camion | H78: Montera
B79: GDU801 | C79: xx | E79: Camion | G79: Alquiler Camion | H79: Montera
B80: GDU802 | C80: xx | E80: Camion | G80: Alquiler Camion | H80: Montera
B81: GDU803 | C81: xx | E81: Camion | G81: Alquiler Camion | H81: Montera
B82: GDU804 | C82: xx | E82: Camion | G82: Alquiler Camion | H82: Montera
B83: GDU805 | C83: xx | E83: Camion | G83: Alquiler Camion | H83: Montera
B84: GDU806 | C84: xx | E84: Camion | G84: Alquiler Camion | H84: Rivas
B85: GDU807 | C85: xx | E85: Camion | G85: Alquiler Camion | H85: Rivas
B86: GDU808 | C86: xx | E86: Camion | G86: Alquiler Camion | H86: Rivas
B87: GDU809 | C87: xx | E87: Camion | G87: Alquiler Camion | H87: FBM
B88: GDU810 | C88: xx | E88: Camion | G88: Alquiler Camion | H88: FBM
B89: GDU811 | C89: xx | E89: Camion | G89: Alquiler Camion | H89: FBM
B90: GDU900 | C90: xx | E90: Equipos | G90: Alquiler Equipos
B91: GDU901 | C91: xx | E91: Equipos | G91: Alquiler Equipos
B92: GDU902 | C92: xx | E92: Equipos | G92: Alquiler Equipos
B93: GDU903 | C93: xx | E93: Equipos | G93: Alquiler Equipos
B94: GDU904 | C94: xx | E94: Equipos | G94: Alquiler Equipos
B95: GDU905 | C95: xx | E95: Equipos | G95: Alquiler Equipos
B96: GDUVAR | E96: Equipos Varios
B97: GDUXXX | E97: Movimiento Stock
A99: 1 | B99: GDU000 | D99: Seleccione Equipo
A100: 26 | B100: GDU200 | C100: 40 | D100: Carreton | E100: SALTO | F100: CARRETON | G100: GEV 193
A101: 27 | B101: GDU201 | C101: 45 | D101: Carreton | E101: MARCELLINI | F101: CARRETON | G101: POB 342
...

Sheet Verificador
A1: Codigo | B1: Razon Social | C1: Empresa | D1: Apellido y Nombre | E1: Puesto
A2: GD06 | B2: Ehingen Service SRL | C2: Ehingen Service | D2: Cuevas Miguel | E2: VERIFICADOR
A3: GD06 | B3: Ehingen Service SRL | C3: Ehingen Service | D3: Daniele Nicolas Marvin | E3: VERIFICADOR
D4: Daniele Calvin Max | E4: VERIFICADOR
A5: GD03 | B5: West Group SH | C5: West Group | D5: Nappi Juan Manuel | E5: VERIFICADOR
A6: GD03 | B6: West Group SH | C6: West Group | D6: Seleccione Verificador | E6: VERIFICADOR
A7: GD01 | B7: Gruas Daniele SRL | C7: Gruas Daniele | D7: Vega Jorge Luis | E7: VERIFICADOR

Sheet Operador
A1: Codigo | B1: Razon Social | C1: Empresa | D1: Apellido y Nombre | E1: Puesto
A2: GD06 | B2: Ehingen Service SRL | C2: Ehingen Service | D2: Cano Pablo | E2: Operador
A3: GD06 | B3: Ehingen Service SRL | C3: Ehingen Service | D3: Daniele Nicolas Marvin | E3: Operador
D4: Daniele Calvin Max | E4: Operador
A5: GD03 | B5: West Group SH | C5: West Group | D5: Recines Alejandro | E5: Operador
A6: GD01 | B6: Gruas Daniele SRL | C6: Gruas Daniele | D6: Selección Operador | E6: Operador
D7: Stuto Abril Daiana | E7: Operador

Sheet BAJA 103
B2: Remito | E2: =+Operacion!#REF! -> #REF! | G2: Fecha: | H2: =+Operacion!D1 -> 46278
B4: Cliente | E4: =+Operacion!#REF! -> #REF! | G4: Hora de salida: | H4: =+Operacion!#REF! -> #REF!
B6: Equipo: | E6: =+Operacion!#REF! -> #REF! | G6: Marca | H6: =VLOOKUP(E6,tablaequipo,6) -> #REF!
E7: =VLOOKUP(E6,tablaequipo,4) -> #REF! | G7: Modelo | H7: =VLOOKUP(E6,tablaequipo,7) -> #REF!
E8: =VLOOKUP(E6,tablaequipo,5) -> #REF! | G8: Patente | H8: =VLOOKUP(E6,tablaequipo,8) -> #REF!
B10: Chofer: | E10: =+Operacion!#REF! -> #REF!
B13: Acompañantes: | D13: 1 | E13: =+Operacion!#REF! -> #REF! | G13: 4 | H13: =+Operacion!#REF! -> #REF!
D14: 2 | E14: =+Operacion!#REF! -> #REF! | G14: 5 | H14: =+Operacion!#REF! -> #REF!
D15: 3 | E15: =+Operacion!#REF! -> #REF! | G15: 6 | H15: =+Operacion!#REF! -> #REF!
B17: Verificador: | E17: =+Operacion!#REF! -> #REF!
B19: Operador | E19: =+Operacion!#REF! -> #REF!
B21: Lugar de carga | E21: =+Operacion!#REF! -> #REF!
B25: Contacto: | E25: =+Operacion!#REF! -> #REF!
E26: =+Operacion!#REF! -> #REF!
B28: Lugar de descarga | E28: =+Operacion!#REF! -> #REF!
B32: Contacto: | E32: =+Operacion!#REF! -> #REF!
E33: =+Operacion!#REF! -> #REF!
B35: Observaciones

Sheet BAJA 509
B2: Remito | E2: =+Operacion!#REF! -> #REF! | G2: Fecha: | H2: =+Operacion!D1 -> 46278
B4: Cliente | E4: =+Operacion!#REF! -> #REF! | G4: Hora de salida: | H4: =+Operacion!#REF! -> #REF!
B6: Equipo: | E6: =+Operacion!#REF! -> #REF! | G6: Marca | H6: =VLOOKUP(E6,tablaequipo,6) -> #REF!
E7: =VLOOKUP(E6,tablaequipo,4) -> #REF! | G7: Modelo | H7: =VLOOKUP(E6,tablaequipo,7) -> #REF!
E8: =VLOOKUP(E6,tablaequipo,5) -> #REF! | G8: Patente | H8: =VLOOKUP(E6,tablaequipo,8) -> #REF!
B10: Chofer: | E10: =+Operacion!#REF! -> #REF!
B13: Acompañantes: | D13: 1 | E13: =+Operacion!#REF! -> #REF! | G13: 4 | H13: =+Operacion!#REF! -> #REF!
D14: 2 | E14: =+Operacion!#REF! -> #REF! | G14: 5 | H14: =+Operacion!#REF! -> #REF!
D15: 3 | E15: =+Operacion!#REF! -> #REF! | G15: 6 | H15: =+Operacion!#REF! -> #REF!
B17: Verificador: | E17: =+Operacion!#REF! -> #REF!
B19: Operador | E19: =+Operacion!#REF! -> #REF!
B21: Lugar de carga | E21: =+Operacion!#REF! -> #REF!
B25: Contacto: | E25: =+Operacion!#REF! -> #REF!
E26: =+Operacion!#REF! -> #REF!
B28: Lugar de descarga | E28: =+Operacion!#REF! -> #REF!
B32: Contacto: | E32: =+Operacion!#REF! -> #REF!
E33: =+Operacion!#REF! -> #REF!
B35: Observaciones | E35: TRABAJO EN OBRA
