Workbook
Name a: #REF!
Name a: #REF!
Name a: #REF!
Name a: #REF!
Name a: #REF!
Name a: #REF!
Name a: #REF!
Name a: #REF!
Name a: #REF!
Name a: #REF!
Name a: #REF!
Name a: #REF!
Name a: #REF!
Name a: #REF!
Name a: #REF!
Name a: #REF!
Name a: #REF!
Name a: #REF!
Name a: #REF!
Name a: #REF!
Name a: #REF!
Name a: #REF!
Name a: #REF!
Name a: #REF!
Name a: #REF!
Name a: #REF!
Name a: #REF!
Name a: #REF!
Name a: #REF!
Name a: #REF!
Name a: #REF!
Name a: #REF!
Name aa: #REF!
Name aa: #REF!
Name aa: #REF!
Name aa: #REF!
Name aa: #REF!
Name aa: #REF!
Name aa: #REF!
Name aa: #REF!
Name aa: #REF!
Name aa: #REF!
Name aa: #REF!
Name aa: #REF!
Name aa: #REF!
Name aa: #REF!
Name aa: #REF!
Name aa: #REF!
Name aa: #REF!
Name aa: #REF!
Name aa: #REF!
Name aa: #REF!
Name aa: #REF!
Name aa: #REF!
Name aa: #REF!
Name aa: #REF!
Name aa: #REF!
Name aa: #REF!
Name aa: #REF!
Name aa: #REF!

Sheet Dia (1)
B1: Asignacion y uso de Vehiculos Livianos
B2: FECHA | D2: 46266
H3: Salida | J3: Llegada
B4: Interno | D4: Tipo | E4: Marca | F4: Modelo | G4: Personal Asignado | H4: Lugar | I4: Horario | J4: Lugar | K4: Horario | L4: Uso | M4: Observaciones | N4: Estado
A5: 1 | B5: GDU001 | C5: =VLOOKUP(B5,unidad,2) -> Liviano | D5: =VLOOKUP(B5,unidad,3) -> FIAT | E5: =VLOOKUP(B5,unidad,4) -> UNO | F5: =VLOOKUP(B5,unidad,5) -> EYI 197 | H5: Base | J5: Base | N5: 0 | O5: =VLOOKUP(N5,estado,3) -> Seleccione Estado
A6: =+A5+1 -> 2 | B6: GDU002 | C6: =VLOOKUP(B6,unidad,2) -> Liviano | D6: =VLOOKUP(B6,unidad,3) -> FIAT | E6: =VLOOKUP(B6,unidad,4) -> UNO | F6: =VLOOKUP(B6,unidad,5) -> ODQ 087 | H6: Base | J6: Base | N6: 0 | O6: =VLOOKUP(N6,estado,3) -> Seleccione Estado
A7: 4 | B7: GDU011 | C7: =VLOOKUP(B7,unidad,2) -> Liviano | D7: =VLOOKUP(B7,unidad,3) -> CHEVROLET | E7: =VLOOKUP(B7,unidad,4) -> CELTA | F7: =VLOOKUP(B7,unidad,5) -> MEE 670 | H7: Base | J7: Base | N7: 0 | O7: =VLOOKUP(N7,estado,3) -> Seleccione Estado
A8: 5 | B8: GDU053 | C8: =VLOOKUP(B8,unidad,2) -> Liviano | D8: =VLOOKUP(B8,unidad,3) -> FIAT | E8: =VLOOKUP(B8,unidad,4) -> FIORINO | F8: =VLOOKUP(B8,unidad,5) -> MHX 920 | H8: Base | J8: Base | N8: 0 | O8: =VLOOKUP(N8,estado,3) -> Seleccione Estado
A9: =+A8+1 -> 6 | B9: GDU061 | C9: =VLOOKUP(B9,unidad,2) -> Liviano | D9: =VLOOKUP(B9,unidad,3) -> RENAULT | E9: =VLOOKUP(B9,unidad,4) -> KANGOO | F9: =VLOOKUP(B9,unidad,5) -> AF 677 IV | H9: Base | J9: Base | N9: 0 | O9: =VLOOKUP(N9,estado,3) -> Seleccione Estado
A10: =+A9+1 -> 7 | B10: GDU055 | C10: =VLOOKUP(B10,unidad,2) -> Liviano | D10: =VLOOKUP(B10,unidad,3) -> VOLKSWAGEN | E10: =VLOOKUP(B10,unidad,4) -> AMAROK | F10: =VLOOKUP(B10,unidad,5) -> OGZ 054 | H10: Base | J10: Base | N10: 0 | O10: =VLOOKUP(N10,estado,3) -> Seleccione Estado
A11: =+A10+1 -> 8 | B11: GDU056 | C11: =VLOOKUP(B11,unidad,2) -> Liviano | D11: =VLOOKUP(B11,unidad,3) -> VOLKSWAGEN | E11: =VLOOKUP(B11,unidad,4) -> AMAROK | F11: =VLOOKUP(B11,unidad,5) -> AA 087 LA | H11: Base | J11: Base | N11: 0 | O11: =VLOOKUP(N11,estado,3) -> Seleccione Estado
A12: =+A11+1 -> 9 | B12: GDU057 | C12: =VLOOKUP(B12,unidad,2) -> Liviano | D12: =VLOOKUP(B12,unidad,3) -> VOLKSWAGEN | E12: =VLOOKUP(B12,unidad,4) -> AMAROK | F12: =VLOOKUP(B12,unidad,5) -> NZF 438 | H12: Base | J12: Base | N12: 0 | O12: =VLOOKUP(N12,estado,3) -> Seleccione Estado
A13: =+A12+1 -> 10 | B13: GDU064 | C13: =VLOOKUP(B13,unidad,2) -> Liviano | D13: =VLOOKUP(B13,unidad,3) -> FIAT | E13: =VLOOKUP(B13,unidad,4) -> STRADA | F13: =VLOOKUP(B13,unidad,5) -> AH210SR | H13: Base | J13: Base | N13: 0 | O13: =VLOOKUP(N13,estado,3) -> Seleccione Estado
A14: =+A13+1 -> 11 | B14: GDU065 | C14: =VLOOKUP(B14,unidad,2) -> Liviano | D14: =VLOOKUP(B14,unidad,3) -> FIAT | E14: =VLOOKUP(B14,unidad,4) -> FIORINO | F14: =VLOOKUP(B14,unidad,5) -> AH255OH | H14: Base | J14: Base | N14: 0 | O14: =VLOOKUP(N14,estado,3) -> Seleccione Estado
A15: =+A14+1 -> 12 | B15: GDU063 | C15: =VLOOKUP(B15,unidad,2) -> Liviano | D15: =VLOOKUP(B15,unidad,3) -> TOYOTA | E15: =VLOOKUP(B15,unidad,4) -> HILUX | F15: =VLOOKUP(B15,unidad,5) -> AD761JW | H15: Base | J15: Base | N15: 0 | O15: =VLOOKUP(N15,estado,3) -> Seleccione Estado
A16: =+A15+1 -> 13 | B16: GDU061 | C16: =VLOOKUP(B16,unidad,2) -> Liviano | D16: RENAULT | E16: KANGOO | F16: AF677IV | H16: Base | J16: Base | N16: 0 | O16: =VLOOKUP(N16,estado,3) -> Seleccione Estado
A17: =+A16+1 -> 14 | B17: GDU064 | C17: =VLOOKUP(B17,unidad,2) -> Liviano | D17: =VLOOKUP(B17,unidad,3) -> FIAT | E17: =VLOOKUP(B17,unidad,4) -> STRADA | F17: =VLOOKUP(B17,unidad,5) -> AH210SR | H17: Base | J17: Base | N17: 0 | O17: =VLOOKUP(N17,estado,3) -> Seleccione Estado
A18: =+A17+1 -> 15 | B18: GDU000 | C18: =VLOOKUP(B18,unidad,2) -> Selecciona Equipo | D18: =VLOOKUP(B18,unidad,3) -> 0 | E18: =VLOOKUP(B18,unidad,4) -> 0 | F18: =VLOOKUP(B18,unidad,5) -> 0 | H18: Base | J18: Base | N18: 0 | O18: =VLOOKUP(N18,estado,3) -> Seleccione Estado
A19: =+A18+1 -> 16 | B19: GDU000 | C19: =VLOOKUP(B19,unidad,2) -> Selecciona Equipo | D19: =VLOOKUP(B19,unidad,3) -> 0 | E19: =VLOOKUP(B19,unidad,4) -> 0 | F19: =VLOOKUP(B19,unidad,5) -> 0 | H19: Base | J19: Base | N19: 0 | O19: =VLOOKUP(N19,estado,3) -> Seleccione Estado
A20: =+A19+1 -> 17 | B20: GDU000 | C20: =VLOOKUP(B20,unidad,2) -> Selecciona Equipo | D20: =VLOOKUP(B20,unidad,3) -> 0 | E20: =VLOOKUP(B20,unidad,4) -> 0 | F20: =VLOOKUP(B20,unidad,5) -> 0 | H20: Base | J20: Base | N20: 0 | O20: =VLOOKUP(N20,estado,3) -> Seleccione Estado
A22: AÑO | B22: MES | C22: DIA
A23: 2022 | B23: 7 | C23: 1

Sheet Dia (2)
B1: Asignacion y uso de Vehiculos Livianos
B2: FECHA | D2: ='Dia (1)'!D2+_xlfn.SHEET()-1 -> 46267
H3: Salida | J3: Llegada
B4: Interno | D4: Tipo | E4: Marca | F4: Modelo | G4: Personal Asignado | H4: Lugar | I4: Horario | J4: Lugar | K4: Horario | L4: Uso | M4: Observaciones | N4: Estado
A5: 1 | B5: GDU001 | C5: =VLOOKUP(B5,unidad,2) -> Liviano | D5: =VLOOKUP(B5,unidad,3) -> FIAT | E5: =VLOOKUP(B5,unidad,4) -> UNO | F5: =VLOOKUP(B5,unidad,5) -> EYI 197 | H5: Base | J5: Base | N5: 0 | O5: =VLOOKUP(N5,estado,3) -> Seleccione Estado
A6: =+A5+1 -> 2 | B6: GDU002 | C6: =VLOOKUP(B6,unidad,2) -> Liviano | D6: =VLOOKUP(B6,unidad,3) -> FIAT | E6: =VLOOKUP(B6,unidad,4) -> UNO | F6: =VLOOKUP(B6,unidad,5) -> ODQ 087 | H6: Base | J6: Base | N6: 0 | O6: =VLOOKUP(N6,estado,3) -> Seleccione Estado
A7: 3 | B7: GDU011 | C7: =VLOOKUP(B7,unidad,2) -> Liviano | D7: =VLOOKUP(B7,unidad,3) -> CHEVROLET | E7: =VLOOKUP(B7,unidad,4) -> CELTA | F7: =VLOOKUP(B7,unidad,5) -> MEE 670 | H7: Base | J7: Base | N7: 0 | O7: =VLOOKUP(N7,estado,3) -> Seleccione Estado
A8: 4 | B8: GDU053 | C8: =VLOOKUP(B8,unidad,2) -> Liviano | D8: =VLOOKUP(B8,unidad,3) -> FIAT | E8: =VLOOKUP(B8,unidad,4) -> FIORINO | F8: =VLOOKUP(B8,unidad,5) -> MHX 920 | H8: Base | J8: Base | N8: 0 | O8: =VLOOKUP(N8,estado,3) -> Seleccione Estado
A9: 5 | B9: GDU061 | C9: =VLOOKUP(B9,unidad,2) -> Liviano | D9: =VLOOKUP(B9,unidad,3) -> RENAULT | E9: =VLOOKUP(B9,unidad,4) -> KANGOO | F9: =VLOOKUP(B9,unidad,5) -> AF 677 IV | H9: Base | J9: Base | N9: 0 | O9: =VLOOKUP(N9,estado,3) -> Seleccione Estado
A10: 6 | B10: GDU055 | C10: =VLOOKUP(B10,unidad,2) -> Liviano | D10: =VLOOKUP(B10,unidad,3) -> VOLKSWAGEN | E10: =VLOOKUP(B10,unidad,4) -> AMAROK | F10: =VLOOKUP(B10,unidad,5) -> OGZ 054 | H10: Base | J10: Base | N10: 0 | O10: =VLOOKUP(N10,estado,3) -> Seleccione Estado
A11: 7 | B11: GDU056 | C11: =VLOOKUP(B11,unidad,2) -> Liviano | D11: =VLOOKUP(B11,unidad,3) -> VOLKSWAGEN | E11: =VLOOKUP(B11,unidad,4) -> AMAROK | F11: =VLOOKUP(B11,unidad,5) -> AA 087 LA | H11: Base | J11: Base | N11: 0 | O11: =VLOOKUP(N11,estado,3) -> Seleccione Estado
A12: 8 | B12: GDU057 | C12: =VLOOKUP(B12,unidad,2) -> Liviano | D12: =VLOOKUP(B12,unidad,3) -> VOLKSWAGEN | E12: =VLOOKUP(B12,unidad,4) -> AMAROK | F12: =VLOOKUP(B12,unidad,5) -> NZF 438 | H12: Base | J12: Base | N12: 0 | O12: =VLOOKUP(N12,estado,3) -> Seleccione Estado
A13: 9 | B13: GDU064 | C13: =VLOOKUP(B13,unidad,2) -> Liviano | D13: =VLOOKUP(B13,unidad,3) -> FIAT | E13: =VLOOKUP(B13,unidad,4) -> STRADA | F13: =VLOOKUP(B13,unidad,5) -> AH210SR | H13: Base | J13: Base | N13: 0 | O13: =VLOOKUP(N13,estado,3) -> Seleccione Estado
A14: 10 | B14: GDU065 | C14: =VLOOKUP(B14,unidad,2) -> Liviano | D14: =VLOOKUP(B14,unidad,3) -> FIAT | E14: =VLOOKUP(B14,unidad,4) -> FIORINO | F14: =VLOOKUP(B14,unidad,5) -> AH255OH | H14: Base | J14: Base | N14: 0 | O14: =VLOOKUP(N14,estado,3) -> Seleccione Estado
A15: 11 | B15: GDU063 | C15: =VLOOKUP(B15,unidad,2) -> Liviano | D15: =VLOOKUP(B15,unidad,3) -> TOYOTA | E15: =VLOOKUP(B15,unidad,4) -> HILUX | F15: =VLOOKUP(B15,unidad,5) -> AD761JW | H15: Base | J15: Base | N15: 0 | O15: =VLOOKUP(N15,estado,3) -> Seleccione Estado
A16: 12 | B16: GDU061 | C16: =VLOOKUP(B16,unidad,2) -> Liviano | D16: RENAULT | E16: KANGOO | F16: AF677IV | H16: Base | J16: Base | N16: 0 | O16: =VLOOKUP(N16,estado,3) -> Seleccione Estado
A17: 13 | B17: GDU064 | C17: =VLOOKUP(B17,unidad,2) -> Liviano | D17: =VLOOKUP(B17,unidad,3) -> FIAT | E17: =VLOOKUP(B17,unidad,4) -> STRADA | F17: =VLOOKUP(B17,unidad,5) -> AH210SR | H17: Base | J17: Base | N17: 0 | O17: =VLOOKUP(N17,estado,3) -> Seleccione Estado
A18: 14 | B18: GDU000 | C18: =VLOOKUP(B18,unidad,2) -> Selecciona Equipo | D18: =VLOOKUP(B18,unidad,3) -> 0 | E18: =VLOOKUP(B18,unidad,4) -> 0 | F18: =VLOOKUP(B18,unidad,5) -> 0 | H18: Base | J18: Base | N18: 0 | O18: =VLOOKUP(N18,estado,3) -> Seleccione Estado
A19: 15 | B19: GDU000 | C19: =VLOOKUP(B19,unidad,2) -> Selecciona Equipo | D19: =VLOOKUP(B19,unidad,3) -> 0 | E19: =VLOOKUP(B19,unidad,4) -> 0 | F19: =VLOOKUP(B19,unidad,5) -> 0 | H19: Base | J19: Base | N19: 0 | O19: =VLOOKUP(N19,estado,3) -> Seleccione Estado
A20: 16 | B20: GDU000 | C20: =VLOOKUP(B20,unidad,2) -> Selecciona Equipo | D20: =VLOOKUP(B20,unidad,3) -> 0 | E20: =VLOOKUP(B20,unidad,4) -> 0 | F20: =VLOOKUP(B20,unidad,5) -> 0 | H20: Base | J20: Base | N20: 0 | O20: =VLOOKUP(N20,estado,3) -> Seleccione Estado

Sheet Dia (3)
B1: Asignacion y uso de Vehiculos Livianos
B2: FECHA | D2: ='Dia (1)'!D2+_xlfn.SHEET()-1 -> 46268
H3: Salida | J3: Llegada
B4: Interno | D4: Tipo | E4: Marca | F4: Modelo | G4: Personal Asignado | H4: Lugar | I4: Horario | J4: Lugar | K4: Horario | L4: Uso | M4: Observaciones | N4: Estado
A5: 1 | B5: GDU001 | C5: =VLOOKUP(B5,unidad,2) -> Liviano | D5: =VLOOKUP(B5,unidad,3) -> FIAT | E5: =VLOOKUP(B5,unidad,4) -> UNO | F5: =VLOOKUP(B5,unidad,5) -> EYI 197 | H5: Base | J5: Base | N5: 0 | O5: =VLOOKUP(N5,estado,3) -> Seleccione Estado
A6: =+A5+1 -> 2 | B6: GDU002 | C6: =VLOOKUP(B6,unidad,2) -> Liviano | D6: =VLOOKUP(B6,unidad,3) -> FIAT | E6: =VLOOKUP(B6,unidad,4) -> UNO | F6: =VLOOKUP(B6,unidad,5) -> ODQ 087 | H6: Base | J6: Base | N6: 0 | O6: =VLOOKUP(N6,estado,3) -> Seleccione Estado
A7: =+A6+1 -> 3 | B7: GDU011 | C7: =VLOOKUP(B7,unidad,2) -> Liviano | D7: =VLOOKUP(B7,unidad,3) -> CHEVROLET | E7: =VLOOKUP(B7,unidad,4) -> CELTA | F7: =VLOOKUP(B7,unidad,5) -> MEE 670 | H7: Base | J7: Base | N7: 0 | O7: =VLOOKUP(N7,estado,3) -> Seleccione Estado
A8: =+A7+1 -> 4 | B8: GDU053 | C8: =VLOOKUP(B8,unidad,2) -> Liviano | D8: =VLOOKUP(B8,unidad,3) -> FIAT | E8: =VLOOKUP(B8,unidad,4) -> FIORINO | F8: =VLOOKUP(B8,unidad,5) -> MHX 920 | H8: Base | J8: Base | N8: 0 | O8: =VLOOKUP(N8,estado,3) -> Seleccione Estado
A9: =+A8+1 -> 5 | B9: GDU061 | C9: =VLOOKUP(B9,unidad,2) -> Liviano | D9: =VLOOKUP(B9,unidad,3) -> RENAULT | E9: =VLOOKUP(B9,unidad,4) -> KANGOO | F9: =VLOOKUP(B9,unidad,5) -> AF 677 IV | H9: Base | J9: Base | N9: 0 | O9: =VLOOKUP(N9,estado,3) -> Seleccione Estado
A10: =+A9+1 -> 6 | B10: GDU055 | C10: =VLOOKUP(B10,unidad,2) -> Liviano | D10: =VLOOKUP(B10,unidad,3) -> VOLKSWAGEN | E10: =VLOOKUP(B10,unidad,4) -> AMAROK | F10: =VLOOKUP(B10,unidad,5) -> OGZ 054 | H10: Base | J10: Base | N10: 0 | O10: =VLOOKUP(N10,estado,3) -> Seleccione Estado
A11: =+A10+1 -> 7 | B11: GDU056 | C11: =VLOOKUP(B11,unidad,2) -> Liviano | D11: =VLOOKUP(B11,unidad,3) -> VOLKSWAGEN | E11: =VLOOKUP(B11,unidad,4) -> AMAROK | F11: =VLOOKUP(B11,unidad,5) -> AA 087 LA | H11: Base | J11: Base | N11: 0 | O11: =VLOOKUP(N11,estado,3) -> Seleccione Estado
A12: =+A11+1 -> 8 | B12: GDU057 | C12: =VLOOKUP(B12,unidad,2) -> Liviano | D12: =VLOOKUP(B12,unidad,3) -> VOLKSWAGEN | E12: =VLOOKUP(B12,unidad,4) -> AMAROK | F12: =VLOOKUP(B12,unidad,5) -> NZF 438 | H12: Base | J12: Base | N12: 0 | O12: =VLOOKUP(N12,estado,3) -> Seleccione Estado
A13: =+A12+1 -> 9 | B13: GDU064 | C13: =VLOOKUP(B13,unidad,2) -> Liviano | D13: =VLOOKUP(B13,unidad,3) -> FIAT | E13: =VLOOKUP(B13,unidad,4) -> STRADA | F13: =VLOOKUP(B13,unidad,5) -> AH210SR | H13: Base | J13: Base | N13: 0 | O13: =VLOOKUP(N13,estado,3) -> Seleccione Estado
A14: =+A13+1 -> 10 | B14: GDU065 | C14: =VLOOKUP(B14,unidad,2) -> Liviano | D14: =VLOOKUP(B14,unidad,3) -> FIAT | E14: =VLOOKUP(B14,unidad,4) -> FIORINO | F14: =VLOOKUP(B14,unidad,5) -> AH255OH | H14: Base | J14: Base | N14: 0 | O14: =VLOOKUP(N14,estado,3) -> Seleccione Estado
A15: =+A14+1 -> 11 | B15: GDU063 | C15: =VLOOKUP(B15,unidad,2) -> Liviano | D15: =VLOOKUP(B15,unidad,3) -> TOYOTA | E15: =VLOOKUP(B15,unidad,4) -> HILUX | F15: =VLOOKUP(B15,unidad,5) -> AD761JW | H15: Base | J15: Base | N15: 0 | O15: =VLOOKUP(N15,estado,3) -> Seleccione Estado
A16: =+A15+1 -> 12 | B16: GDU061 | C16: =VLOOKUP(B16,unidad,2) -> Liviano | D16: RENAULT | E16: KANGOO | F16: AF677IV | H16: Base | J16: Base | N16: 0 | O16: =VLOOKUP(N16,estado,3) -> Seleccione Estado
A17: =+A16+1 -> 13 | B17: GDU064 | C17: =VLOOKUP(B17,unidad,2) -> Liviano | D17: =VLOOKUP(B17,unidad,3) -> FIAT | E17: =VLOOKUP(B17,unidad,4) -> STRADA | F17: =VLOOKUP(B17,unidad,5) -> AH210SR | H17: Base | J17: Base | N17: 0 | O17: =VLOOKUP(N17,estado,3) -> Seleccione Estado
A18: =+A17+1 -> 14 | B18: GDU000 | C18: =VLOOKUP(B18,unidad,2) -> Selecciona Equipo | D18: =VLOOKUP(B18,unidad,3) -> 0 | E18: =VLOOKUP(B18,unidad,4) -> 0 | F18: =VLOOKUP(B18,unidad,5) -> 0 | H18: Base | J18: Base | N18: 0 | O18: =VLOOKUP(N18,estado,3) -> Seleccione Estado
A19: =+A18+1 -> 15 | B19: GDU000 | C19: =VLOOKUP(B19,unidad,2) -> Selecciona Equipo | D19: =VLOOKUP(B19,unidad,3) -> 0 | E19: =VLOOKUP(B19,unidad,4) -> 0 | F19: =VLOOKUP(B19,unidad,5) -> 0 | H19: Base | J19: Base | N19: 0 | O19: =VLOOKUP(N19,estado,3) -> Seleccione Estado
A20: =+A19+1 -> 16 | B20: GDU000 | C20: =VLOOKUP(B20,unidad,2) -> Selecciona Equipo | D20: =VLOOKUP(B20,unidad,3) -> 0 | E20: =VLOOKUP(B20,unidad,4) -> 0 | F20: =VLOOKUP(B20,unidad,5) -> 0 | H20: Base | J20: Base | N20: 0 | O20: =VLOOKUP(N20,estado,3) -> Seleccione Estado

Sheet Dia (4)
B1: Asignacion y uso de Vehiculos Livianos
B2: FECHA | D2: ='Dia (1)'!D2+_xlfn.SHEET()-1 -> 46269
H3: Salida | J3: Llegada
B4: Interno | D4: Tipo | E4: Marca | F4: Modelo | G4: Personal Asignado | H4: Lugar | I4: Horario | J4: Lugar | K4: Horario | L4: Uso | M4: Observaciones | N4: Estado
A5: 1 | B5: GDU001 | C5: =VLOOKUP(B5,unidad,2) -> Liviano | D5: =VLOOKUP(B5,unidad,3) -> FIAT | E5: =VLOOKUP(B5,unidad,4) -> UNO | F5: =VLOOKUP(B5,unidad,5) -> EYI 197 | G5: Salvo Jonathan Nicolas | H5: Base | I5: 0 | J5: Base | K5: 0.99930556 | N5: 0 | O5: =VLOOKUP(N5,estado,3) -> Seleccione Estado
A6: =+A5+1 -> 2 | B6: GDU002 | C6: =VLOOKUP(B6,unidad,2) -> Liviano | D6: =VLOOKUP(B6,unidad,3) -> FIAT | E6: =VLOOKUP(B6,unidad,4) -> UNO | F6: =VLOOKUP(B6,unidad,5) -> ODQ 087 | H6: Base | J6: Base | N6: 0 | O6: =VLOOKUP(N6,estado,3) -> Seleccione Estado
A7: =+A6+1 -> 3 | B7: GDU011 | C7: =VLOOKUP(B7,unidad,2) -> Liviano | D7: =VLOOKUP(B7,unidad,3) -> CHEVROLET | E7: =VLOOKUP(B7,unidad,4) -> CELTA | F7: =VLOOKUP(B7,unidad,5) -> MEE 670 | G7: Barreto Braian Jose | H7: Base | I7: 0 | J7: Base | K7: 0.99930556 | N7: 0 | O7: =VLOOKUP(N7,estado,3) -> Seleccione Estado
A8: =+A7+1 -> 4 | B8: GDU053 | C8: =VLOOKUP(B8,unidad,2) -> Liviano | D8: =VLOOKUP(B8,unidad,3) -> FIAT | E8: =VLOOKUP(B8,unidad,4) -> FIORINO | F8: =VLOOKUP(B8,unidad,5) -> MHX 920 | G8: Arocha Sergio Anibal | H8: Base | I8: 0 | J8: Base | K8: 0.99930556 | N8: 0 | O8: =VLOOKUP(N8,estado,3) -> Seleccione Estado
A9: =+A8+1 -> 5 | B9: GDU061 | C9: =VLOOKUP(B9,unidad,2) -> Liviano | D9: =VLOOKUP(B9,unidad,3) -> RENAULT | E9: =VLOOKUP(B9,unidad,4) -> KANGOO | F9: =VLOOKUP(B9,unidad,5) -> AF 677 IV | G9: Vega Jorge Luis | H9: Base | I9: 0 | J9: Base | K9: 0.99930556 | N9: 0 | O9: =VLOOKUP(N9,estado,3) -> Seleccione Estado
A10: =+A9+1 -> 6 | B10: GDU055 | C10: =VLOOKUP(B10,unidad,2) -> Liviano | D10: =VLOOKUP(B10,unidad,3) -> VOLKSWAGEN | E10: =VLOOKUP(B10,unidad,4) -> AMAROK | F10: =VLOOKUP(B10,unidad,5) -> OGZ 054 | G10: Cano Pablo Martin | H10: Base | I10: 0 | J10: Base | K10: 0.99930556 | N10: 0 | O10: =VLOOKUP(N10,estado,3) -> Seleccione Estado
A11: =+A10+1 -> 7 | B11: GDU056 | C11: =VLOOKUP(B11,unidad,2) -> Liviano | D11: =VLOOKUP(B11,unidad,3) -> VOLKSWAGEN | E11: =VLOOKUP(B11,unidad,4) -> AMAROK | F11: =VLOOKUP(B11,unidad,5) -> AA 087 LA | G11: Vazquez David Gabriel | H11: Base | I11: 0 | J11: Base | K11: 0.99930556 | N11: 0 | O11: =VLOOKUP(N11,estado,3) -> Seleccione Estado
A12: =+A11+1 -> 8 | B12: GDU057 | C12: =VLOOKUP(B12,unidad,2) -> Liviano | D12: =VLOOKUP(B12,unidad,3) -> VOLKSWAGEN | E12: =VLOOKUP(B12,unidad,4) -> AMAROK | F12: =VLOOKUP(B12,unidad,5) -> NZF 438 | G12: Gonzalez Molinas Juan Alberto | H12: Base | I12: 0 | J12: Base | K12: 0.99930556 | N12: 0 | O12: =VLOOKUP(N12,estado,3) -> Seleccione Estado
A13: =+A12+1 -> 9 | B13: GDU064 | C13: =VLOOKUP(B13,unidad,2) -> Liviano | D13: =VLOOKUP(B13,unidad,3) -> FIAT | E13: =VLOOKUP(B13,unidad,4) -> STRADA | F13: =VLOOKUP(B13,unidad,5) -> AH210SR | G13: Nappi Juan Manuel | H13: Base | I13: 0 | J13: Base | K13: 0.99930556 | N13: 0 | O13: =VLOOKUP(N13,estado,3) -> Seleccione Estado
A14: =+A13+1 -> 10 | B14: GDU065 | C14: =VLOOKUP(B14,unidad,2) -> Liviano | D14: =VLOOKUP(B14,unidad,3) -> FIAT | E14: =VLOOKUP(B14,unidad,4) -> FIORINO | F14: =VLOOKUP(B14,unidad,5) -> AH255OH | H14: Base | J14: Base | N14: 0 | O14: =VLOOKUP(N14,estado,3) -> Seleccione Estado
A15: =+A14+1 -> 11 | B15: GDU063 | C15: =VLOOKUP(B15,unidad,2) -> Liviano | D15: =VLOOKUP(B15,unidad,3) -> TOYOTA | E15: =VLOOKUP(B15,unidad,4) -> HILUX | F15: =VLOOKUP(B15,unidad,5) -> AD761JW | G15: Bordones Requena Jordan | H15: Base | J15: Base | N15: 0 | O15: =VLOOKUP(N15,estado,3) -> Seleccione Estado
A16: =+A15+1 -> 12 | B16: GDU061 | C16: =VLOOKUP(B16,unidad,2) -> Liviano | D16: RENAULT | E16: KANGOO | F16: AF677IV | H16: Base | J16: Base | N16: 0 | O16: =VLOOKUP(N16,estado,3) -> Seleccione Estado
A17: =+A16+1 -> 13 | B17: GDU064 | C17: =VLOOKUP(B17,unidad,2) -> Liviano | D17: =VLOOKUP(B17,unidad,3) -> FIAT | E17: =VLOOKUP(B17,unidad,4) -> STRADA | F17: =VLOOKUP(B17,unidad,5) -> AH210SR | H17: Base | J17: Base | N17: 0 | O17: =VLOOKUP(N17,estado,3) -> Seleccione Estado
A18: =+A17+1 -> 14 | B18: GDU000 | C18: =VLOOKUP(B18,unidad,2) -> Selecciona Equipo | D18: =VLOOKUP(B18,unidad,3) -> 0 | E18: =VLOOKUP(B18,unidad,4) -> 0 | F18: =VLOOKUP(B18,unidad,5) -> 0 | H18: Base | J18: Base | N18: 0 | O18: =VLOOKUP(N18,estado,3) -> Seleccione Estado
A19: =+A18+1 -> 15 | B19: GDU000 | C19: =VLOOKUP(B19,unidad,2) -> Selecciona Equipo | D19: =VLOOKUP(B19,unidad,3) -> 0 | E19: =VLOOKUP(B19,unidad,4) -> 0 | F19: =VLOOKUP(B19,unidad,5) -> 0 | H19: Base | J19: Base | N19: 0 | O19: =VLOOKUP(N19,estado,3) -> Seleccione Estado
A20: =+A19+1 -> 16 | B20: GDU000 | C20: =VLOOKUP(B20,unidad,2) -> Selecciona Equipo | D20: =VLOOKUP(B20,unidad,3) -> 0 | E20: =VLOOKUP(B20,unidad,4) -> 0 | F20: =VLOOKUP(B20,unidad,5) -> 0 | H20: Base | J20: Base | N20: 0 | O20: =VLOOKUP(N20,estado,3) -> Seleccione Estado

Sheet Dia (5)
B1: Asignacion y uso de Vehiculos Livianos
B2: FECHA | D2: ='Dia (1)'!D2+_xlfn.SHEET()-1 -> 46270
H3: Salida | J3: Llegada
B4: Interno | D4: Tipo | E4: Marca | F4: Modelo | G4: Personal Asignado | H4: Lugar | I4: Horario | J4: Lugar | K4: Horario | L4: Uso | M4: Observaciones | N4: Estado
A5: 1 | B5: GDU001 | C5: =VLOOKUP(B5,unidad,2) -> Liviano | D5: =VLOOKUP(B5,unidad,3) -> FIAT | E5: =VLOOKUP(B5,unidad,4) -> UNO | F5: =VLOOKUP(B5,unidad,5) -> EYI 197 | G5: Salvo Jonathan Nicolas | H5: Base | I5: 0 | J5: Base | K5: 0.99930556 | N5: 0 | O5: =VLOOKUP(N5,estado,3) -> Seleccione Estado
A6: =+A5+1 -> 2 | B6: GDU002 | C6: =VLOOKUP(B6,unidad,2) -> Liviano | D6: =VLOOKUP(B6,unidad,3) -> FIAT | E6: =VLOOKUP(B6,unidad,4) -> UNO | F6: =VLOOKUP(B6,unidad,5) -> ODQ 087 | G6: Campos Fernandez Jose Antonio | H6: Base | I6: 0 | J6: Base | K6: 0.99930556 | N6: 0 | O6: =VLOOKUP(N6,estado,3) -> Seleccione Estado
A7: =+A6+1 -> 3 | B7: GDU011 | C7: =VLOOKUP(B7,unidad,2) -> Liviano | D7: =VLOOKUP(B7,unidad,3) -> CHEVROLET | E7: =VLOOKUP(B7,unidad,4) -> CELTA | F7: =VLOOKUP(B7,unidad,5) -> MEE 670 | G7: Barreto Braian Jose | H7: Base | I7: 0 | J7: Base | K7: 0.99930556 | N7: 0 | O7: =VLOOKUP(N7,estado,3) -> Seleccione Estado
A8: =+A7+1 -> 4 | B8: GDU053 | C8: =VLOOKUP(B8,unidad,2) -> Liviano | D8: =VLOOKUP(B8,unidad,3) -> FIAT | E8: =VLOOKUP(B8,unidad,4) -> FIORINO | F8: =VLOOKUP(B8,unidad,5) -> MHX 920 | G8: Arocha Sergio Anibal | H8: Base | I8: 0 | J8: Base | K8: 0.99930556 | N8: 0 | O8: =VLOOKUP(N8,estado,3) -> Seleccione Estado
A9: =+A8+1 -> 5 | B9: GDU061 | C9: =VLOOKUP(B9,unidad,2) -> Liviano | D9: =VLOOKUP(B9,unidad,3) -> RENAULT | E9: =VLOOKUP(B9,unidad,4) -> KANGOO | F9: =VLOOKUP(B9,unidad,5) -> AF 677 IV | G9: Vega Jorge Luis | H9: Base | I9: 0 | J9: Base | K9: 0.99930556 | N9: 0 | O9: =VLOOKUP(N9,estado,3) -> Seleccione Estado
A10: =+A9+1 -> 6 | B10: GDU055 | C10: =VLOOKUP(B10,unidad,2) -> Liviano | D10: =VLOOKUP(B10,unidad,3) -> VOLKSWAGEN | E10: =VLOOKUP(B10,unidad,4) -> AMAROK | F10: =VLOOKUP(B10,unidad,5) -> OGZ 054 | G10: Cano Pablo Martin | H10: Base | I10: 0 | J10: Base | K10: 0.99930556 | N10: 0 | O10: =VLOOKUP(N10,estado,3) -> Seleccione Estado
A11: =+A10+1 -> 7 | B11: GDU056 | C11: =VLOOKUP(B11,unidad,2) -> Liviano | D11: =VLOOKUP(B11,unidad,3) -> VOLKSWAGEN | E11: =VLOOKUP(B11,unidad,4) -> AMAROK | F11: =VLOOKUP(B11,unidad,5) -> AA 087 LA | G11: Vazquez David Gabriel | H11: Base | I11: 0 | J11: Base | K11: 0.99930556 | N11: 0 | O11: =VLOOKUP(N11,estado,3) -> Seleccione Estado
A12: =+A11+1 -> 8 | B12: GDU057 | C12: =VLOOKUP(B12,unidad,2) -> Liviano | D12: =VLOOKUP(B12,unidad,3) -> VOLKSWAGEN | E12: =VLOOKUP(B12,unidad,4) -> AMAROK | F12: =VLOOKUP(B12,unidad,5) -> NZF 438 | G12: Gonzalez Molinas Juan Alberto | H12: Base | I12: 0 | J12: Base | K12: 0.99930556 | N12: 0 | O12: =VLOOKUP(N12,estado,3) -> Seleccione Estado
A13: =+A12+1 -> 9 | B13: GDU064 | C13: =VLOOKUP(B13,unidad,2) -> Liviano | D13: =VLOOKUP(B13,unidad,3) -> FIAT | E13: =VLOOKUP(B13,unidad,4) -> STRADA | F13: =VLOOKUP(B13,unidad,5) -> AH210SR | G13: Nappi Juan Manuel | H13: Base | I13: 0 | J13: Base | K13: 0.99930556 | N13: 0 | O13: =VLOOKUP(N13,estado,3) -> Seleccione Estado
A14: =+A13+1 -> 10 | B14: GDU065 | C14: =VLOOKUP(B14,unidad,2) -> Liviano | D14: =VLOOKUP(B14,unidad,3) -> FIAT | E14: =VLOOKUP(B14,unidad,4) -> FIORINO | F14: =VLOOKUP(B14,unidad,5) -> AH255OH | H14: Base | J14: Base | N14: 0 | O14: =VLOOKUP(N14,estado,3) -> Seleccione Estado
A15: =+A14+1 -> 11 | B15: GDU063 | C15: =VLOOKUP(B15,unidad,2) -> Liviano | D15: =VLOOKUP(B15,unidad,3) -> TOYOTA | E15: =VLOOKUP(B15,unidad,4) -> HILUX | F15: =VLOOKUP(B15,unidad,5) -> AD761JW | H15: Base | J15: Base | N15: 0 | O15: =VLOOKUP(N15,estado,3) -> Seleccione Estado
A16: =+A15+1 -> 12 | B16: GDU061 | C16: =VLOOKUP(B16,unidad,2) -> Liviano | D16: RENAULT | E16: KANGOO | F16: AF677IV | H16: Base | J16: Base | N16: 0 | O16: =VLOOKUP(N16,estado,3) -> Seleccione Estado
A17: =+A16+1 -> 13 | B17: GDU064 | C17: =VLOOKUP(B17,unidad,2) -> Liviano | D17: =VLOOKUP(B17,unidad,3) -> FIAT | E17: =VLOOKUP(B17,unidad,4) -> STRADA | F17: =VLOOKUP(B17,unidad,5) -> AH210SR | H17: Base | J17: Base | N17: 0 | O17: =VLOOKUP(N17,estado,3) -> Seleccione Estado
A18: =+A17+1 -> 14 | B18: GDU000 | C18: =VLOOKUP(B18,unidad,2) -> Selecciona Equipo | D18: =VLOOKUP(B18,unidad,3) -> 0 | E18: =VLOOKUP(B18,unidad,4) -> 0 | F18: =VLOOKUP(B18,unidad,5) -> 0 | H18: Base | J18: Base | N18: 0 | O18: =VLOOKUP(N18,estado,3) -> Seleccione Estado
A19: =+A18+1 -> 15 | B19: GDU000 | C19: =VLOOKUP(B19,unidad,2) -> Selecciona Equipo | D19: =VLOOKUP(B19,unidad,3) -> 0 | E19: =VLOOKUP(B19,unidad,4) -> 0 | F19: =VLOOKUP(B19,unidad,5) -> 0 | H19: Base | J19: Base | N19: 0 | O19: =VLOOKUP(N19,estado,3) -> Seleccione Estado
A20: =+A19+1 -> 16 | B20: GDU000 | C20: =VLOOKUP(B20,unidad,2) -> Selecciona Equipo | D20: =VLOOKUP(B20,unidad,3) -> 0 | E20: =VLOOKUP(B20,unidad,4) -> 0 | F20: =VLOOKUP(B20,unidad,5) -> 0 | H20: Base | J20: Base | N20: 0 | O20: =VLOOKUP(N20,estado,3) -> Seleccione Estado

Sheet Dia (6)
B1: Asignacion y uso de Vehiculos Livianos
B2: FECHA | D2: ='Dia (1)'!D2+_xlfn.SHEET()-1 -> 46271
H3: Salida | J3: Llegada
B4: Interno | D4: Tipo | E4: Marca | F4: Modelo | G4: Personal Asignado | H4: Lugar | I4: Horario | J4: Lugar | K4: Horario | L4: Uso | M4: Observaciones | N4: Estado
A5: 1 | B5: GDU001 | C5: =VLOOKUP(B5,unidad,2) -> Liviano | D5: =VLOOKUP(B5,unidad,3) -> FIAT | E5: =VLOOKUP(B5,unidad,4) -> UNO | F5: =VLOOKUP(B5,unidad,5) -> EYI 197 | G5: Salvo Jonathan Nicolas | H5: Base | I5: 0 | J5: Base | K5: 0.99930556 | N5: 0 | O5: =VLOOKUP(N5,estado,3) -> Seleccione Estado
A6: =+A5+1 -> 2 | B6: GDU002 | C6: =VLOOKUP(B6,unidad,2) -> Liviano | D6: =VLOOKUP(B6,unidad,3) -> FIAT | E6: =VLOOKUP(B6,unidad,4) -> UNO | F6: =VLOOKUP(B6,unidad,5) -> ODQ 087 | G6: Acosta Daniel Horacio | H6: Base | I6: 0.5 | J6: Base | K6: 0.99930556 | N6: 0 | O6: =VLOOKUP(N6,estado,3) -> Seleccione Estado
A7: =+A6+1 -> 3 | B7: GDU011 | C7: =VLOOKUP(B7,unidad,2) -> Liviano | D7: =VLOOKUP(B7,unidad,3) -> CHEVROLET | E7: =VLOOKUP(B7,unidad,4) -> CELTA | F7: =VLOOKUP(B7,unidad,5) -> MEE 670 | G7: Barreto Braian Jose | H7: Base | I7: 0 | J7: Base | K7: 0.99930556 | N7: 0 | O7: =VLOOKUP(N7,estado,3) -> Seleccione Estado
A8: =+A7+1 -> 4 | B8: GDU053 | C8: =VLOOKUP(B8,unidad,2) -> Liviano | D8: =VLOOKUP(B8,unidad,3) -> FIAT | E8: =VLOOKUP(B8,unidad,4) -> FIORINO | F8: =VLOOKUP(B8,unidad,5) -> MHX 920 | G8: Arocha Sergio Anibal | H8: Base | I8: 0 | J8: Base | K8: 0.99930556 | N8: 0 | O8: =VLOOKUP(N8,estado,3) -> Seleccione Estado
A9: =+A8+1 -> 5 | B9: GDU061 | C9: =VLOOKUP(B9,unidad,2) -> Liviano | D9: =VLOOKUP(B9,unidad,3) -> RENAULT | E9: =VLOOKUP(B9,unidad,4) -> KANGOO | F9: =VLOOKUP(B9,unidad,5) -> AF 677 IV | G9: Vega Jorge Luis | H9: Base | I9: 0 | J9: Base | K9: 0.99930556 | N9: 0 | O9: =VLOOKUP(N9,estado,3) -> Seleccione Estado
A10: =+A9+1 -> 6 | B10: GDU055 | C10: =VLOOKUP(B10,unidad,2) -> Liviano | D10: =VLOOKUP(B10,unidad,3) -> VOLKSWAGEN | E10: =VLOOKUP(B10,unidad,4) -> AMAROK | F10: =VLOOKUP(B10,unidad,5) -> OGZ 054 | G10: Cano Pablo Martin | H10: Base | I10: 0 | J10: Base | K10: 0.99930556 | N10: 0 | O10: =VLOOKUP(N10,estado,3) -> Seleccione Estado
A11: =+A10+1 -> 7 | B11: GDU056 | C11: =VLOOKUP(B11,unidad,2) -> Liviano | D11: =VLOOKUP(B11,unidad,3) -> VOLKSWAGEN | E11: =VLOOKUP(B11,unidad,4) -> AMAROK | F11: =VLOOKUP(B11,unidad,5) -> AA 087 LA | G11: Vazquez David Gabriel | H11: Base | I11: 0 | J11: Base | K11: 0.99930556 | N11: 0 | O11: =VLOOKUP(N11,estado,3) -> Seleccione Estado
A12: =+A11+1 -> 8 | B12: GDU057 | C12: =VLOOKUP(B12,unidad,2) -> Liviano | D12: =VLOOKUP(B12,unidad,3) -> VOLKSWAGEN | E12: =VLOOKUP(B12,unidad,4) -> AMAROK | F12: =VLOOKUP(B12,unidad,5) -> NZF 438 | G12: Gonzalez Molinas Juan Alberto | H12: Base | I12: 0 | J12: Base | K12: 0.99930556 | N12: 0 | O12: =VLOOKUP(N12,estado,3) -> Seleccione Estado
A13: =+A12+1 -> 9 | B13: GDU064 | C13: =VLOOKUP(B13,unidad,2) -> Liviano | D13: =VLOOKUP(B13,unidad,3) -> FIAT | E13: =VLOOKUP(B13,unidad,4) -> STRADA | F13: =VLOOKUP(B13,unidad,5) -> AH210SR | G13: Nappi Juan Manuel | H13: Base | I13: 0 | J13: Base | K13: 0.99930556 | N13: 0 | O13: =VLOOKUP(N13,estado,3) -> Seleccione Estado
A14: =+A13+1 -> 10 | B14: GDU065 | C14: =VLOOKUP(B14,unidad,2) -> Liviano | D14: =VLOOKUP(B14,unidad,3) -> FIAT | E14: =VLOOKUP(B14,unidad,4) -> FIORINO | F14: =VLOOKUP(B14,unidad,5) -> AH255OH | H14: Base | J14: Base | N14: 0 | O14: =VLOOKUP(N14,estado,3) -> Seleccione Estado
A15: =+A14+1 -> 11 | B15: GDU063 | C15: =VLOOKUP(B15,unidad,2) -> Liviano | D15: =VLOOKUP(B15,unidad,3) -> TOYOTA | E15: =VLOOKUP(B15,unidad,4) -> HILUX | F15: =VLOOKUP(B15,unidad,5) -> AD761JW | H15: Base | J15: Base | N15: 0 | O15: =VLOOKUP(N15,estado,3) -> Seleccione Estado
A16: =+A15+1 -> 12 | B16: GDU061 | C16: =VLOOKUP(B16,unidad,2) -> Liviano | D16: RENAULT | E16: KANGOO | F16: AF677IV | H16: Base | J16: Base | N16: 0 | O16: =VLOOKUP(N16,estado,3) -> Seleccione Estado
A17: =+A16+1 -> 13 | B17: GDU064 | C17: =VLOOKUP(B17,unidad,2) -> Liviano | D17: =VLOOKUP(B17,unidad,3) -> FIAT | E17: =VLOOKUP(B17,unidad,4) -> STRADA | F17: =VLOOKUP(B17,unidad,5) -> AH210SR | H17: Base | J17: Base | N17: 0 | O17: =VLOOKUP(N17,estado,3) -> Seleccione Estado
A18: =+A17+1 -> 14 | B18: GDU000 | C18: =VLOOKUP(B18,unidad,2) -> Selecciona Equipo | D18: =VLOOKUP(B18,unidad,3) -> 0 | E18: =VLOOKUP(B18,unidad,4) -> 0 | F18: =VLOOKUP(B18,unidad,5) -> 0 | H18: Base | J18: Base | N18: 0 | O18: =VLOOKUP(N18,estado,3) -> Seleccione Estado
A19: =+A18+1 -> 15 | B19: GDU000 | C19: =VLOOKUP(B19,unidad,2) -> Selecciona Equipo | D19: =VLOOKUP(B19,unidad,3) -> 0 | E19: =VLOOKUP(B19,unidad,4) -> 0 | F19: =VLOOKUP(B19,unidad,5) -> 0 | H19: Base | J19: Base | N19: 0 | O19: =VLOOKUP(N19,estado,3) -> Seleccione Estado
A20: =+A19+1 -> 16 | B20: GDU000 | C20: =VLOOKUP(B20,unidad,2) -> Selecciona Equipo | D20: =VLOOKUP(B20,unidad,3) -> 0 | E20: =VLOOKUP(B20,unidad,4) -> 0 | F20: =VLOOKUP(B20,unidad,5) -> 0 | H20: Base | J20: Base | N20: 0 | O20: =VLOOKUP(N20,estado,3) -> Seleccione Estado

Sheet Dia (7)
B1: Asignacion y uso de Vehiculos Livianos
B2: FECHA | D2: ='Dia (1)'!D2+_xlfn.SHEET()-1 -> 46272
H3: Salida | J3: Llegada
B4: Interno | D4: Tipo | E4: Marca | F4: Modelo | G4: Personal Asignado | H4: Lugar | I4: Horario | J4: Lugar | K4: Horario | L4: Uso | M4: Observaciones | N4: Estado
A5: 1 | B5: GDU001 | C5: =VLOOKUP(B5,unidad,2) -> Liviano | D5: =VLOOKUP(B5,unidad,3) -> FIAT | E5: =VLOOKUP(B5,unidad,4) -> UNO | F5: =VLOOKUP(B5,unidad,5) -> EYI 197 | G5: Salvo Jonathan Nicolas | H5: Base | I5: 0 | J5: Base | K5: 0.99930556 | N5: 0 | O5: =VLOOKUP(N5,estado,3) -> Seleccione Estado
A6: =+A5+1 -> 2 | B6: GDU002 | C6: =VLOOKUP(B6,unidad,2) -> Liviano | D6: =VLOOKUP(B6,unidad,3) -> FIAT | E6: =VLOOKUP(B6,unidad,4) -> UNO | F6: =VLOOKUP(B6,unidad,5) -> ODQ 087 | H6: Base | J6: Base | N6: 0 | O6: =VLOOKUP(N6,estado,3) -> Seleccione Estado
A7: =+A6+1 -> 3 | B7: GDU011 | C7: =VLOOKUP(B7,unidad,2) -> Liviano | D7: =VLOOKUP(B7,unidad,3) -> CHEVROLET | E7: =VLOOKUP(B7,unidad,4) -> CELTA | F7: =VLOOKUP(B7,unidad,5) -> MEE 670 | G7: Barreto Braian Jose | H7: Base | I7: 0 | J7: Base | K7: 0.99930556 | N7: 0 | O7: =VLOOKUP(N7,estado,3) -> Seleccione Estado
A8: =+A7+1 -> 4 | B8: GDU053 | C8: =VLOOKUP(B8,unidad,2) -> Liviano | D8: =VLOOKUP(B8,unidad,3) -> FIAT | E8: =VLOOKUP(B8,unidad,4) -> FIORINO | F8: =VLOOKUP(B8,unidad,5) -> MHX 920 | G8: Arocha Sergio Anibal | H8: Base | I8: 0 | J8: Base | K8: 0.99930556 | N8: 0 | O8: =VLOOKUP(N8,estado,3) -> Seleccione Estado
A9: =+A8+1 -> 5 | B9: GDU061 | C9: =VLOOKUP(B9,unidad,2) -> Liviano | D9: =VLOOKUP(B9,unidad,3) -> RENAULT | E9: =VLOOKUP(B9,unidad,4) -> KANGOO | F9: =VLOOKUP(B9,unidad,5) -> AF 677 IV | G9: Vega Jorge Luis | H9: Base | I9: 0 | J9: Base | K9: 0.99930556 | N9: 0 | O9: =VLOOKUP(N9,estado,3) -> Seleccione Estado
A10: =+A9+1 -> 6 | B10: GDU055 | C10: =VLOOKUP(B10,unidad,2) -> Liviano | D10: =VLOOKUP(B10,unidad,3) -> VOLKSWAGEN | E10: =VLOOKUP(B10,unidad,4) -> AMAROK | F10: =VLOOKUP(B10,unidad,5) -> OGZ 054 | G10: Jimenez Manuel Ernesto | H10: Base | I10: 0.625 | J10: Base | K10: 0.95833333 | N10: 0 | O10: =VLOOKUP(N10,estado,3) -> Seleccione Estado
A11: =+A10+1 -> 7 | B11: GDU056 | C11: =VLOOKUP(B11,unidad,2) -> Liviano | D11: =VLOOKUP(B11,unidad,3) -> VOLKSWAGEN | E11: =VLOOKUP(B11,unidad,4) -> AMAROK | F11: =VLOOKUP(B11,unidad,5) -> AA 087 LA | G11: Vazquez David Gabriel | H11: Base | I11: 0 | J11: Base | K11: 0.99930556 | N11: 0 | O11: =VLOOKUP(N11,estado,3) -> Seleccione Estado
A12: =+A11+1 -> 8 | B12: GDU057 | C12: =VLOOKUP(B12,unidad,2) -> Liviano | D12: =VLOOKUP(B12,unidad,3) -> VOLKSWAGEN | E12: =VLOOKUP(B12,unidad,4) -> AMAROK | F12: =VLOOKUP(B12,unidad,5) -> NZF 438 | G12: Gonzalez Molinas Juan Alberto | H12: Base | I12: 0 | J12: Base | K12: 0.99930556 | N12: 0 | O12: =VLOOKUP(N12,estado,3) -> Seleccione Estado
A13: =+A12+1 -> 9 | B13: GDU064 | C13: =VLOOKUP(B13,unidad,2) -> Liviano | D13: =VLOOKUP(B13,unidad,3) -> FIAT | E13: =VLOOKUP(B13,unidad,4) -> STRADA | F13: =VLOOKUP(B13,unidad,5) -> AH210SR | G13: Nappi Juan Manuel | H13: Base | I13: 0 | J13: Base | K13: 0.99930556 | N13: 0 | O13: =VLOOKUP(N13,estado,3) -> Seleccione Estado
A14: =+A13+1 -> 10 | B14: GDU065 | C14: =VLOOKUP(B14,unidad,2) -> Liviano | D14: =VLOOKUP(B14,unidad,3) -> FIAT | E14: =VLOOKUP(B14,unidad,4) -> FIORINO | F14: =VLOOKUP(B14,unidad,5) -> AH255OH | H14: Base | J14: Base | N14: 0 | O14: =VLOOKUP(N14,estado,3) -> Seleccione Estado
A15: =+A14+1 -> 11 | B15: GDU063 | C15: =VLOOKUP(B15,unidad,2) -> Liviano | D15: =VLOOKUP(B15,unidad,3) -> TOYOTA | E15: =VLOOKUP(B15,unidad,4) -> HILUX | F15: =VLOOKUP(B15,unidad,5) -> AD761JW | H15: Base | J15: Base | N15: 0 | O15: =VLOOKUP(N15,estado,3) -> Seleccione Estado
A16: =+A15+1 -> 12 | B16: GDU061 | C16: =VLOOKUP(B16,unidad,2) -> Liviano | D16: RENAULT | E16: KANGOO | F16: AF677IV | H16: Base | J16: Base | N16: 0 | O16: =VLOOKUP(N16,estado,3) -> Seleccione Estado
A17: =+A16+1 -> 13 | B17: GDU064 | C17: =VLOOKUP(B17,unidad,2) -> Liviano | D17: =VLOOKUP(B17,unidad,3) -> FIAT | E17: =VLOOKUP(B17,unidad,4) -> STRADA | F17: =VLOOKUP(B17,unidad,5) -> AH210SR | H17: Base | J17: Base | N17: 0 | O17: =VLOOKUP(N17,estado,3) -> Seleccione Estado
A18: =+A17+1 -> 14 | B18: GDU000 | C18: =VLOOKUP(B18,unidad,2) -> Selecciona Equipo | D18: =VLOOKUP(B18,unidad,3) -> 0 | E18: =VLOOKUP(B18,unidad,4) -> 0 | F18: =VLOOKUP(B18,unidad,5) -> 0 | H18: Base | J18: Base | N18: 0 | O18: =VLOOKUP(N18,estado,3) -> Seleccione Estado
A19: =+A18+1 -> 15 | B19: GDU000 | C19: =VLOOKUP(B19,unidad,2) -> Selecciona Equipo | D19: =VLOOKUP(B19,unidad,3) -> 0 | E19: =VLOOKUP(B19,unidad,4) -> 0 | F19: =VLOOKUP(B19,unidad,5) -> 0 | H19: Base | J19: Base | N19: 0 | O19: =VLOOKUP(N19,estado,3) -> Seleccione Estado
A20: =+A19+1 -> 16 | B20: GDU000 | C20: =VLOOKUP(B20,unidad,2) -> Selecciona Equipo | D20: =VLOOKUP(B20,unidad,3) -> 0 | E20: =VLOOKUP(B20,unidad,4) -> 0 | F20: =VLOOKUP(B20,unidad,5) -> 0 | H20: Base | J20: Base | N20: 0 | O20: =VLOOKUP(N20,estado,3) -> Seleccione Estado

Sheet Dia (8)
B1: Asignacion y uso de Vehiculos Livianos
B2: FECHA | D2: ='Dia (1)'!D2+_xlfn.SHEET()-1 -> 46273
H3: Salida | J3: Llegada
B4: Interno | D4: Tipo | E4: Marca | F4: Modelo | G4: Personal Asignado | H4: Lugar | I4: Horario | J4: Lugar | K4: Horario | L4: Uso | M4: Observaciones | N4: Estado
A5: 1 | B5: GDU001 | C5: =VLOOKUP(B5,unidad,2) -> Liviano | D5: =VLOOKUP(B5,unidad,3) -> FIAT | E5: =VLOOKUP(B5,unidad,4) -> UNO | F5: =VLOOKUP(B5,unidad,5) -> EYI 197 | G5: Salvo Jonathan Nicolas | H5: Base | I5: 0 | J5: Base | K5: 0.99930556 | N5: 0 | O5: =VLOOKUP(N5,estado,3) -> Seleccione Estado
A6: =+A5+1 -> 2 | B6: GDU002 | C6: =VLOOKUP(B6,unidad,2) -> Liviano | D6: =VLOOKUP(B6,unidad,3) -> FIAT | E6: =VLOOKUP(B6,unidad,4) -> UNO | F6: =VLOOKUP(B6,unidad,5) -> ODQ 087 | G6: Nappi Kevin Ezequiel | H6: Base | I6: 0.29166667 | J6: Base | N6: 0 | O6: =VLOOKUP(N6,estado,3) -> Seleccione Estado
A7: =+A6+1 -> 3 | B7: GDU011 | C7: =VLOOKUP(B7,unidad,2) -> Liviano | D7: =VLOOKUP(B7,unidad,3) -> CHEVROLET | E7: =VLOOKUP(B7,unidad,4) -> CELTA | F7: =VLOOKUP(B7,unidad,5) -> MEE 670 | G7: Barreto Braian Jose | H7: Base | I7: 0 | J7: Base | K7: 0.99930556 | N7: 0 | O7: =VLOOKUP(N7,estado,3) -> Seleccione Estado
A8: =+A7+1 -> 4 | B8: GDU053 | C8: =VLOOKUP(B8,unidad,2) -> Liviano | D8: =VLOOKUP(B8,unidad,3) -> FIAT | E8: =VLOOKUP(B8,unidad,4) -> FIORINO | F8: =VLOOKUP(B8,unidad,5) -> MHX 920 | G8: Arocha Sergio Anibal | H8: Base | I8: 0 | J8: Base | K8: 0.99930556 | N8: 0 | O8: =VLOOKUP(N8,estado,3) -> Seleccione Estado
A9: =+A8+1 -> 5 | B9: GDU061 | C9: =VLOOKUP(B9,unidad,2) -> Liviano | D9: =VLOOKUP(B9,unidad,3) -> RENAULT | E9: =VLOOKUP(B9,unidad,4) -> KANGOO | F9: =VLOOKUP(B9,unidad,5) -> AF 677 IV | G9: Vega Jorge Luis | H9: Base | I9: 0 | J9: Base | K9: 0.99930556 | N9: 0 | O9: =VLOOKUP(N9,estado,3) -> Seleccione Estado
A10: =+A9+1 -> 6 | B10: GDU055 | C10: =VLOOKUP(B10,unidad,2) -> Liviano | D10: =VLOOKUP(B10,unidad,3) -> VOLKSWAGEN | E10: =VLOOKUP(B10,unidad,4) -> AMAROK | F10: =VLOOKUP(B10,unidad,5) -> OGZ 054 | H10: Base | J10: Base | L10: CRISTOFER PABLO | N10: 0 | O10: =VLOOKUP(N10,estado,3) -> Seleccione Estado
A11: =+A10+1 -> 7 | B11: GDU056 | C11: =VLOOKUP(B11,unidad,2) -> Liviano | D11: =VLOOKUP(B11,unidad,3) -> VOLKSWAGEN | E11: =VLOOKUP(B11,unidad,4) -> AMAROK | F11: =VLOOKUP(B11,unidad,5) -> AA 087 LA | G11: Vazquez David Gabriel | H11: Base | I11: 0 | J11: Base | K11: 0.99930556 | N11: 0 | O11: =VLOOKUP(N11,estado,3) -> Seleccione Estado
A12: =+A11+1 -> 8 | B12: GDU057 | C12: =VLOOKUP(B12,unidad,2) -> Liviano | D12: =VLOOKUP(B12,unidad,3) -> VOLKSWAGEN | E12: =VLOOKUP(B12,unidad,4) -> AMAROK | F12: =VLOOKUP(B12,unidad,5) -> NZF 438 | G12: Gonzalez Molinas Juan Alberto | H12: Base | I12: 0 | J12: Base | K12: 0.99930556 | N12: 0 | O12: =VLOOKUP(N12,estado,3) -> Seleccione Estado
A13: =+A12+1 -> 9 | B13: GDU064 | C13: =VLOOKUP(B13,unidad,2) -> Liviano | D13: =VLOOKUP(B13,unidad,3) -> FIAT | E13: =VLOOKUP(B13,unidad,4) -> STRADA | F13: =VLOOKUP(B13,unidad,5) -> AH210SR | G13: Nappi Juan Manuel | H13: Base | I13: 0 | J13: Base | K13: 0.99930556 | N13: 0 | O13: =VLOOKUP(N13,estado,3) -> Seleccione Estado
A14: =+A13+1 -> 10 | B14: GDU065 | C14: =VLOOKUP(B14,unidad,2) -> Liviano | D14: =VLOOKUP(B14,unidad,3) -> FIAT | E14: =VLOOKUP(B14,unidad,4) -> FIORINO | F14: =VLOOKUP(B14,unidad,5) -> AH255OH | H14: Base | J14: Base | N14: 0 | O14: =VLOOKUP(N14,estado,3) -> Seleccione Estado
A15: =+A14+1 -> 11 | B15: GDU063 | C15: =VLOOKUP(B15,unidad,2) -> Liviano | D15: =VLOOKUP(B15,unidad,3) -> TOYOTA | E15: =VLOOKUP(B15,unidad,4) -> HILUX | F15: =VLOOKUP(B15,unidad,5) -> AD761JW | H15: Base | J15: Base | L15: EHINGEN | N15: 0 | O15: =VLOOKUP(N15,estado,3) -> Seleccione Estado
A16: =+A15+1 -> 12 | B16: GDU061 | C16: =VLOOKUP(B16,unidad,2) -> Liviano | D16: RENAULT | E16: KANGOO | F16: AF677IV | H16: Base | J16: Base | N16: 0 | O16: =VLOOKUP(N16,estado,3) -> Seleccione Estado
A17: =+A16+1 -> 13 | B17: GDU064 | C17: =VLOOKUP(B17,unidad,2) -> Liviano | D17: =VLOOKUP(B17,unidad,3) -> FIAT | E17: =VLOOKUP(B17,unidad,4) -> STRADA | F17: =VLOOKUP(B17,unidad,5) -> AH210SR | H17: Base | J17: Base | N17: 0 | O17: =VLOOKUP(N17,estado,3) -> Seleccione Estado
A18: =+A17+1 -> 14 | B18: GDU000 | C18: =VLOOKUP(B18,unidad,2) -> Selecciona Equipo | D18: =VLOOKUP(B18,unidad,3) -> 0 | E18: =VLOOKUP(B18,unidad,4) -> 0 | F18: =VLOOKUP(B18,unidad,5) -> 0 | H18: Base | J18: Base | N18: 0 | O18: =VLOOKUP(N18,estado,3) -> Seleccione Estado
A19: =+A18+1 -> 15 | B19: GDU000 | C19: =VLOOKUP(B19,unidad,2) -> Selecciona Equipo | D19: =VLOOKUP(B19,unidad,3) -> 0 | E19: =VLOOKUP(B19,unidad,4) -> 0 | F19: =VLOOKUP(B19,unidad,5) -> 0 | H19: Base | J19: Base | N19: 0 | O19: =VLOOKUP(N19,estado,3) -> Seleccione Estado
A20: =+A19+1 -> 16 | B20: GDU000 | C20: =VLOOKUP(B20,unidad,2) -> Selecciona Equipo | D20: =VLOOKUP(B20,unidad,3) -> 0 | E20: =VLOOKUP(B20,unidad,4) -> 0 | F20: =VLOOKUP(B20,unidad,5) -> 0 | H20: Base | J20: Base | N20: 0 | O20: =VLOOKUP(N20,estado,3) -> Seleccione Estado

Sheet Dia (9)
B1: Asignacion y uso de Vehiculos Livianos
B2: FECHA | D2: ='Dia (1)'!D2+_xlfn.SHEET()-1 -> 46274
H3: Salida | J3: Llegada
B4: Interno | D4: Tipo | E4: Marca | F4: Modelo | G4: Personal Asignado | H4: Lugar | I4: Horario | J4: Lugar | K4: Horario | L4: Uso | M4: Observaciones | N4: Estado
A5: 1 | B5: GDU001 | C5: =VLOOKUP(B5,unidad,2) -> Liviano | D5: =VLOOKUP(B5,unidad,3) -> FIAT | E5: =VLOOKUP(B5,unidad,4) -> UNO | F5: =VLOOKUP(B5,unidad,5) -> EYI 197 | G5: Salvo Jonathan Nicolas | H5: Base | I5: 0 | J5: Base | K5: 0.99930556 | N5: 0 | O5: =VLOOKUP(N5,estado,3) -> Seleccione Estado
A6: =+A5+1 -> 2 | B6: GDU002 | C6: =VLOOKUP(B6,unidad,2) -> Liviano | D6: =VLOOKUP(B6,unidad,3) -> FIAT | E6: =VLOOKUP(B6,unidad,4) -> UNO | F6: =VLOOKUP(B6,unidad,5) -> ODQ 087 | H6: Base | J6: Base | N6: 0 | O6: =VLOOKUP(N6,estado,3) -> Seleccione Estado
A7: =+A6+1 -> 3 | B7: GDU011 | C7: =VLOOKUP(B7,unidad,2) -> Liviano | D7: =VLOOKUP(B7,unidad,3) -> CHEVROLET | E7: =VLOOKUP(B7,unidad,4) -> CELTA | F7: =VLOOKUP(B7,unidad,5) -> MEE 670 | G7: Barreto Braian Jose | H7: Base | I7: 0 | J7: Base | K7: 0.99930556 | N7: 0 | O7: =VLOOKUP(N7,estado,3) -> Seleccione Estado
A8: =+A7+1 -> 4 | B8: GDU053 | C8: =VLOOKUP(B8,unidad,2) -> Liviano | D8: =VLOOKUP(B8,unidad,3) -> FIAT | E8: =VLOOKUP(B8,unidad,4) -> FIORINO | F8: =VLOOKUP(B8,unidad,5) -> MHX 920 | G8: Arocha Sergio Anibal | H8: Base | I8: 0 | J8: Base | K8: 0.96180556 | N8: 0 | O8: =VLOOKUP(N8,estado,3) -> Seleccione Estado
A9: =+A8+1 -> 5 | B9: GDU061 | C9: =VLOOKUP(B9,unidad,2) -> Liviano | D9: =VLOOKUP(B9,unidad,3) -> RENAULT | E9: =VLOOKUP(B9,unidad,4) -> KANGOO | F9: =VLOOKUP(B9,unidad,5) -> AF 677 IV | G9: Vega Jorge Luis | H9: Base | I9: 2 | J9: Base | K9: 0.99930556 | N9: 0 | O9: =VLOOKUP(N9,estado,3) -> Seleccione Estado
A10: =+A9+1 -> 6 | B10: GDU055 | C10: =VLOOKUP(B10,unidad,2) -> Liviano | D10: =VLOOKUP(B10,unidad,3) -> VOLKSWAGEN | E10: =VLOOKUP(B10,unidad,4) -> AMAROK | F10: =VLOOKUP(B10,unidad,5) -> OGZ 054 | H10: Base | I10: 0 | J10: Base | N10: 0 | O10: =VLOOKUP(N10,estado,3) -> Seleccione Estado
A11: =+A10+1 -> 7 | B11: GDU056 | C11: =VLOOKUP(B11,unidad,2) -> Liviano | D11: =VLOOKUP(B11,unidad,3) -> VOLKSWAGEN | E11: =VLOOKUP(B11,unidad,4) -> AMAROK | F11: =VLOOKUP(B11,unidad,5) -> AA 087 LA | G11: Vazquez David Gabriel | H11: Base | I11: 0 | J11: Base | K11: 0.99930556 | N11: 0 | O11: =VLOOKUP(N11,estado,3) -> Seleccione Estado
A12: =+A11+1 -> 8 | B12: GDU057 | C12: =VLOOKUP(B12,unidad,2) -> Liviano | D12: =VLOOKUP(B12,unidad,3) -> VOLKSWAGEN | E12: =VLOOKUP(B12,unidad,4) -> AMAROK | F12: =VLOOKUP(B12,unidad,5) -> NZF 438 | G12: Gonzalez Molinas Juan Alberto | H12: Base | I12: 0 | J12: Base | K12: 0.99930556 | N12: 0 | O12: =VLOOKUP(N12,estado,3) -> Seleccione Estado
A13: =+A12+1 -> 9 | B13: GDU064 | C13: =VLOOKUP(B13,unidad,2) -> Liviano | D13: =VLOOKUP(B13,unidad,3) -> FIAT | E13: =VLOOKUP(B13,unidad,4) -> STRADA | F13: =VLOOKUP(B13,unidad,5) -> AH210SR | G13: Cuevas Miguel Hector | H13: Base | I13: 0 | J13: Base | K13: 0.99930556 | N13: 0 | O13: =VLOOKUP(N13,estado,3) -> Seleccione Estado
A14: =+A13+1 -> 10 | B14: GDU065 | C14: =VLOOKUP(B14,unidad,2) -> Liviano | D14: =VLOOKUP(B14,unidad,3) -> FIAT | E14: =VLOOKUP(B14,unidad,4) -> FIORINO | F14: =VLOOKUP(B14,unidad,5) -> AH255OH | H14: Base | J14: Base | N14: 0 | O14: =VLOOKUP(N14,estado,3) -> Seleccione Estado
A15: =+A14+1 -> 11 | B15: GDU063 | C15: =VLOOKUP(B15,unidad,2) -> Liviano | D15: =VLOOKUP(B15,unidad,3) -> TOYOTA | E15: =VLOOKUP(B15,unidad,4) -> HILUX | F15: =VLOOKUP(B15,unidad,5) -> AD761JW | G15: Bordones Requena Jordan | H15: Base | I15: 0 | J15: Base | K15: 0.99930556 | N15: 0 | O15: =VLOOKUP(N15,estado,3) -> Seleccione Estado
A16: =+A15+1 -> 12 | B16: GDU061 | C16: =VLOOKUP(B16,unidad,2) -> Liviano | D16: RENAULT | E16: KANGOO | F16: AF677IV | H16: Base | J16: Base | N16: 0 | O16: =VLOOKUP(N16,estado,3) -> Seleccione Estado
A17: =+A16+1 -> 13 | B17: GDU064 | C17: =VLOOKUP(B17,unidad,2) -> Liviano | D17: =VLOOKUP(B17,unidad,3) -> FIAT | E17: =VLOOKUP(B17,unidad,4) -> STRADA | F17: =VLOOKUP(B17,unidad,5) -> AH210SR | H17: Base | J17: Base | N17: 0 | O17: =VLOOKUP(N17,estado,3) -> Seleccione Estado
A18: =+A17+1 -> 14 | B18: GDU000 | C18: =VLOOKUP(B18,unidad,2) -> Selecciona Equipo | D18: =VLOOKUP(B18,unidad,3) -> 0 | E18: =VLOOKUP(B18,unidad,4) -> 0 | F18: =VLOOKUP(B18,unidad,5) -> 0 | H18: Base | J18: Base | N18: 0 | O18: =VLOOKUP(N18,estado,3) -> Seleccione Estado
A19: =+A18+1 -> 15 | B19: GDU000 | C19: =VLOOKUP(B19,unidad,2) -> Selecciona Equipo | D19: =VLOOKUP(B19,unidad,3) -> 0 | E19: =VLOOKUP(B19,unidad,4) -> 0 | F19: =VLOOKUP(B19,unidad,5) -> 0 | H19: Base | J19: Base | N19: 0 | O19: =VLOOKUP(N19,estado,3) -> Seleccione Estado
A20: =+A19+1 -> 16 | B20: GDU000 | C20: =VLOOKUP(B20,unidad,2) -> Selecciona Equipo | D20: =VLOOKUP(B20,unidad,3) -> 0 | E20: =VLOOKUP(B20,unidad,4) -> 0 | F20: =VLOOKUP(B20,unidad,5) -> 0 | H20: Base | J20: Base | N20: 0 | O20: =VLOOKUP(N20,estado,3) -> Seleccione Estado

Sheet Dia (10)
B1: Asignacion y uso de Vehiculos Livianos
B2: FECHA | D2: ='Dia (1)'!D2+_xlfn.SHEET()-1 -> 46275
H3: Salida | J3: Llegada
B4: Interno | D4: Tipo | E4: Marca | F4: Modelo | G4: Personal Asignado | H4: Lugar | I4: Horario | J4: Lugar | K4: Horario | L4: Uso | M4: Observaciones | N4: Estado
A5: 1 | B5: GDU001 | C5: =VLOOKUP(B5,unidad,2) -> Liviano | D5: =VLOOKUP(B5,unidad,3) -> FIAT | E5: =VLOOKUP(B5,unidad,4) -> UNO | F5: =VLOOKUP(B5,unidad,5) -> EYI 197 | G5: Salvo Jonathan Nicolas | H5: Base | I5: 0 | J5: Base | K5: 0.99930556 | N5: 0 | O5: =VLOOKUP(N5,estado,3) -> Seleccione Estado
A6: =+A5+1 -> 2 | B6: GDU002 | C6: =VLOOKUP(B6,unidad,2) -> Liviano | D6: =VLOOKUP(B6,unidad,3) -> FIAT | E6: =VLOOKUP(B6,unidad,4) -> UNO | F6: =VLOOKUP(B6,unidad,5) -> ODQ 087 | G6: Nappi Kevin Ezequiel | H6: Base | I6: 0.29166667 | J6: Base | K6: 0.58333333 | N6: 0 | O6: =VLOOKUP(N6,estado,3) -> Seleccione Estado
A7: =+A6+1 -> 3 | B7: GDU011 | C7: =VLOOKUP(B7,unidad,2) -> Liviano | D7: =VLOOKUP(B7,unidad,3) -> CHEVROLET | E7: =VLOOKUP(B7,unidad,4) -> CELTA | F7: =VLOOKUP(B7,unidad,5) -> MEE 670 | G7: Barreto Braian Jose | H7: Base | I7: 0 | J7: Base | K7: 0.99930556 | N7: 0 | O7: =VLOOKUP(N7,estado,3) -> Seleccione Estado
A8: =+A7+1 -> 4 | B8: GDU053 | C8: =VLOOKUP(B8,unidad,2) -> Liviano | D8: =VLOOKUP(B8,unidad,3) -> FIAT | E8: =VLOOKUP(B8,unidad,4) -> FIORINO | F8: =VLOOKUP(B8,unidad,5) -> MHX 920 | G8: Arocha Sergio Anibal | H8: Base | I8: 0 | J8: Base | K8: 0.99930556 | N8: 0 | O8: =VLOOKUP(N8,estado,3) -> Seleccione Estado
A9: =+A8+1 -> 5 | B9: GDU061 | C9: =VLOOKUP(B9,unidad,2) -> Liviano | D9: =VLOOKUP(B9,unidad,3) -> RENAULT | E9: =VLOOKUP(B9,unidad,4) -> KANGOO | F9: =VLOOKUP(B9,unidad,5) -> AF 677 IV | G9: Vega Jorge Luis | H9: Base | I9: 0 | J9: Base | K9: 0.99930556 | N9: 0 | O9: =VLOOKUP(N9,estado,3) -> Seleccione Estado
A10: =+A9+1 -> 6 | B10: GDU055 | C10: =VLOOKUP(B10,unidad,2) -> Liviano | D10: =VLOOKUP(B10,unidad,3) -> VOLKSWAGEN | E10: =VLOOKUP(B10,unidad,4) -> AMAROK | F10: =VLOOKUP(B10,unidad,5) -> OGZ 054 | G10: Hermoso Camacho Roberto Rafael | H10: Base | I10: 0.25 | J10: Base | K10: 0.625 | N10: 0 | O10: =VLOOKUP(N10,estado,3) -> Seleccione Estado
A11: =+A10+1 -> 7 | B11: GDU056 | C11: =VLOOKUP(B11,unidad,2) -> Liviano | D11: =VLOOKUP(B11,unidad,3) -> VOLKSWAGEN | E11: =VLOOKUP(B11,unidad,4) -> AMAROK | F11: =VLOOKUP(B11,unidad,5) -> AA 087 LA | G11: Vazquez David Gabriel | H11: Base | I11: 0 | J11: Base | K11: 0.99930556 | N11: 0 | O11: =VLOOKUP(N11,estado,3) -> Seleccione Estado
A12: =+A11+1 -> 8 | B12: GDU057 | C12: =VLOOKUP(B12,unidad,2) -> Liviano | D12: =VLOOKUP(B12,unidad,3) -> VOLKSWAGEN | E12: =VLOOKUP(B12,unidad,4) -> AMAROK | F12: =VLOOKUP(B12,unidad,5) -> NZF 438 | G12: Gonzalez Molinas Juan Alberto | H12: Base | I12: 0 | J12: Base | K12: 0.99930556 | N12: 0 | O12: =VLOOKUP(N12,estado,3) -> Seleccione Estado
A13: =+A12+1 -> 9 | B13: GDU064 | C13: =VLOOKUP(B13,unidad,2) -> Liviano | D13: =VLOOKUP(B13,unidad,3) -> FIAT | E13: =VLOOKUP(B13,unidad,4) -> STRADA | F13: =VLOOKUP(B13,unidad,5) -> AH210SR | G13: Cuevas Miguel Hector | H13: Base | I13: 0 | J13: Base | K13: 0.99930556 | N13: 0 | O13: =VLOOKUP(N13,estado,3) -> Seleccione Estado
A14: =+A13+1 -> 10 | B14: GDU065 | C14: =VLOOKUP(B14,unidad,2) -> Liviano | D14: =VLOOKUP(B14,unidad,3) -> FIAT | E14: =VLOOKUP(B14,unidad,4) -> FIORINO | F14: =VLOOKUP(B14,unidad,5) -> AH255OH | H14: Base | J14: Base | N14: 0 | O14: =VLOOKUP(N14,estado,3) -> Seleccione Estado
A15: =+A14+1 -> 11 | B15: GDU063 | C15: =VLOOKUP(B15,unidad,2) -> Liviano | D15: =VLOOKUP(B15,unidad,3) -> TOYOTA | E15: =VLOOKUP(B15,unidad,4) -> HILUX | F15: =VLOOKUP(B15,unidad,5) -> AD761JW | G15: Barrionuevo Claudio Andres | H15: Base | I15: 0 | J15: Base | K15: 0.99930556 | N15: 0 | O15: =VLOOKUP(N15,estado,3) -> Seleccione Estado
A16: =+A15+1 -> 12 | B16: GDU061 | C16: =VLOOKUP(B16,unidad,2) -> Liviano | D16: RENAULT | E16: KANGOO | F16: AF677IV | H16: Base | J16: Base | N16: 0 | O16: =VLOOKUP(N16,estado,3) -> Seleccione Estado
A17: =+A16+1 -> 13 | B17: GDU064 | C17: =VLOOKUP(B17,unidad,2) -> Liviano | D17: =VLOOKUP(B17,unidad,3) -> FIAT | E17: =VLOOKUP(B17,unidad,4) -> STRADA | F17: =VLOOKUP(B17,unidad,5) -> AH210SR | H17: Base | J17: Base | N17: 0 | O17: =VLOOKUP(N17,estado,3) -> Seleccione Estado
A18: =+A17+1 -> 14 | B18: GDU000 | C18: =VLOOKUP(B18,unidad,2) -> Selecciona Equipo | D18: =VLOOKUP(B18,unidad,3) -> 0 | E18: =VLOOKUP(B18,unidad,4) -> 0 | F18: =VLOOKUP(B18,unidad,5) -> 0 | H18: Base | J18: Base | N18: 0 | O18: =VLOOKUP(N18,estado,3) -> Seleccione Estado
A19: =+A18+1 -> 15 | B19: GDU000 | C19: =VLOOKUP(B19,unidad,2) -> Selecciona Equipo | D19: =VLOOKUP(B19,unidad,3) -> 0 | E19: =VLOOKUP(B19,unidad,4) -> 0 | F19: =VLOOKUP(B19,unidad,5) -> 0 | H19: Base | J19: Base | N19: 0 | O19: =VLOOKUP(N19,estado,3) -> Seleccione Estado
A20: =+A19+1 -> 16 | B20: GDU000 | C20: =VLOOKUP(B20,unidad,2) -> Selecciona Equipo | D20: =VLOOKUP(B20,unidad,3) -> 0 | E20: =VLOOKUP(B20,unidad,4) -> 0 | F20: =VLOOKUP(B20,unidad,5) -> 0 | H20: Base | J20: Base | N20: 0 | O20: =VLOOKUP(N20,estado,3) -> Seleccione Estado

Sheet Dia (11)
B1: Asignacion y uso de Vehiculos Livianos
B2: FECHA | D2: ='Dia (1)'!D2+_xlfn.SHEET()-1 -> 46276
H3: Salida | J3: Llegada
B4: Interno | D4: Tipo | E4: Marca | F4: Modelo | G4: Personal Asignado | H4: Lugar | I4: Horario | J4: Lugar | K4: Horario | L4: Uso | M4: Observaciones | N4: Estado
A5: 1 | B5: GDU001 | C5: =VLOOKUP(B5,unidad,2) -> Liviano | D5: =VLOOKUP(B5,unidad,3) -> FIAT | E5: =VLOOKUP(B5,unidad,4) -> UNO | F5: =VLOOKUP(B5,unidad,5) -> EYI 197 | H5: Base | J5: Base | N5: 0 | O5: =VLOOKUP(N5,estado,3) -> Seleccione Estado
A6: =+A5+1 -> 2 | B6: GDU002 | C6: =VLOOKUP(B6,unidad,2) -> Liviano | D6: =VLOOKUP(B6,unidad,3) -> FIAT | E6: =VLOOKUP(B6,unidad,4) -> UNO | F6: =VLOOKUP(B6,unidad,5) -> ODQ 087 | H6: Base | J6: Base | N6: 0 | O6: =VLOOKUP(N6,estado,3) -> Seleccione Estado
A7: =+A6+1 -> 3 | B7: GDU011 | C7: =VLOOKUP(B7,unidad,2) -> Liviano | D7: =VLOOKUP(B7,unidad,3) -> CHEVROLET | E7: =VLOOKUP(B7,unidad,4) -> CELTA | F7: =VLOOKUP(B7,unidad,5) -> MEE 670 | H7: Base | J7: Base | N7: 0 | O7: =VLOOKUP(N7,estado,3) -> Seleccione Estado
A8: =+A7+1 -> 4 | B8: GDU053 | C8: =VLOOKUP(B8,unidad,2) -> Liviano | D8: =VLOOKUP(B8,unidad,3) -> FIAT | E8: =VLOOKUP(B8,unidad,4) -> FIORINO | F8: =VLOOKUP(B8,unidad,5) -> MHX 920 | H8: Base | J8: Base | N8: 0 | O8: =VLOOKUP(N8,estado,3) -> Seleccione Estado
A9: =+A8+1 -> 5 | B9: GDU061 | C9: =VLOOKUP(B9,unidad,2) -> Liviano | D9: =VLOOKUP(B9,unidad,3) -> RENAULT | E9: =VLOOKUP(B9,unidad,4) -> KANGOO | F9: =VLOOKUP(B9,unidad,5) -> AF 677 IV | H9: Base | J9: Base | N9: 0 | O9: =VLOOKUP(N9,estado,3) -> Seleccione Estado
A10: =+A9+1 -> 6 | B10: GDU055 | C10: =VLOOKUP(B10,unidad,2) -> Liviano | D10: =VLOOKUP(B10,unidad,3) -> VOLKSWAGEN | E10: =VLOOKUP(B10,unidad,4) -> AMAROK | F10: =VLOOKUP(B10,unidad,5) -> OGZ 054 | H10: Base | J10: Base | N10: 0 | O10: =VLOOKUP(N10,estado,3) -> Seleccione Estado
A11: =+A10+1 -> 7 | B11: GDU056 | C11: =VLOOKUP(B11,unidad,2) -> Liviano | D11: =VLOOKUP(B11,unidad,3) -> VOLKSWAGEN | E11: =VLOOKUP(B11,unidad,4) -> AMAROK | F11: =VLOOKUP(B11,unidad,5) -> AA 087 LA | H11: Base | J11: Base | N11: 0 | O11: =VLOOKUP(N11,estado,3) -> Seleccione Estado
A12: =+A11+1 -> 8 | B12: GDU057 | C12: =VLOOKUP(B12,unidad,2) -> Liviano | D12: =VLOOKUP(B12,unidad,3) -> VOLKSWAGEN | E12: =VLOOKUP(B12,unidad,4) -> AMAROK | F12: =VLOOKUP(B12,unidad,5) -> NZF 438 | H12: Base | J12: Base | N12: 0 | O12: =VLOOKUP(N12,estado,3) -> Seleccione Estado
A13: =+A12+1 -> 9 | B13: GDU064 | C13: =VLOOKUP(B13,unidad,2) -> Liviano | D13: =VLOOKUP(B13,unidad,3) -> FIAT | E13: =VLOOKUP(B13,unidad,4) -> STRADA | F13: =VLOOKUP(B13,unidad,5) -> AH210SR | H13: Base | J13: Base | N13: 0 | O13: =VLOOKUP(N13,estado,3) -> Seleccione Estado
A14: =+A13+1 -> 10 | B14: GDU065 | C14: =VLOOKUP(B14,unidad,2) -> Liviano | D14: =VLOOKUP(B14,unidad,3) -> FIAT | E14: =VLOOKUP(B14,unidad,4) -> FIORINO | F14: =VLOOKUP(B14,unidad,5) -> AH255OH | H14: Base | J14: Base | N14: 0 | O14: =VLOOKUP(N14,estado,3) -> Seleccione Estado
A15: =+A14+1 -> 11 | B15: GDU063 | C15: =VLOOKUP(B15,unidad,2) -> Liviano | D15: =VLOOKUP(B15,unidad,3) -> TOYOTA | E15: =VLOOKUP(B15,unidad,4) -> HILUX | F15: =VLOOKUP(B15,unidad,5) -> AD761JW | H15: Base | J15: Base | N15: 0 | O15: =VLOOKUP(N15,estado,3) -> Seleccione Estado
A16: =+A15+1 -> 12 | B16: GDU061 | C16: =VLOOKUP(B16,unidad,2) -> Liviano | D16: RENAULT | E16: KANGOO | F16: AF677IV | H16: Base | J16: Base | N16: 0 | O16: =VLOOKUP(N16,estado,3) -> Seleccione Estado
A17: =+A16+1 -> 13 | B17: GDU064 | C17: =VLOOKUP(B17,unidad,2) -> Liviano | D17: =VLOOKUP(B17,unidad,3) -> FIAT | E17: =VLOOKUP(B17,unidad,4) -> STRADA | F17: =VLOOKUP(B17,unidad,5) -> AH210SR | H17: Base | J17: Base | N17: 0 | O17: =VLOOKUP(N17,estado,3) -> Seleccione Estado
A18: =+A17+1 -> 14 | B18: GDU000 | C18: =VLOOKUP(B18,unidad,2) -> Selecciona Equipo | D18: =VLOOKUP(B18,unidad,3) -> 0 | E18: =VLOOKUP(B18,unidad,4) -> 0 | F18: =VLOOKUP(B18,unidad,5) -> 0 | H18: Base | J18: Base | N18: 0 | O18: =VLOOKUP(N18,estado,3) -> Seleccione Estado
A19: =+A18+1 -> 15 | B19: GDU000 | C19: =VLOOKUP(B19,unidad,2) -> Selecciona Equipo | D19: =VLOOKUP(B19,unidad,3) -> 0 | E19: =VLOOKUP(B19,unidad,4) -> 0 | F19: =VLOOKUP(B19,unidad,5) -> 0 | H19: Base | J19: Base | N19: 0 | O19: =VLOOKUP(N19,estado,3) -> Seleccione Estado
A20: =+A19+1 -> 16 | B20: GDU000 | C20: =VLOOKUP(B20,unidad,2) -> Selecciona Equipo | D20: =VLOOKUP(B20,unidad,3) -> 0 | E20: =VLOOKUP(B20,unidad,4) -> 0 | F20: =VLOOKUP(B20,unidad,5) -> 0 | H20: Base | J20: Base | N20: 0 | O20: =VLOOKUP(N20,estado,3) -> Seleccione Estado
A21: =+A20+1 -> 17 | B21: GDU100 | C21: =VLOOKUP(B21,unidad,2) -> Camion | D21: =VLOOKUP(B21,unidad,3) -> KIA | E21: =VLOOKUP(B21,unidad,4) -> K2500 | F21: =VLOOKUP(B21,unidad,5) -> ONT 594 | H21: Base | J21: Base | N21: 0 | O21: =VLOOKUP(N21,estado,3) -> Seleccione Estado

Sheet Dia (12)
B1: Asignacion y uso de Vehiculos Livianos
B2: FECHA | D2: ='Dia (1)'!D2+_xlfn.SHEET()-1 -> 46277
H3: Salida | J3: Llegada
B4: Interno | D4: Tipo | E4: Marca | F4: Modelo | G4: Personal Asignado | H4: Lugar | I4: Horario | J4: Lugar | K4: Horario | L4: Uso | M4: Observaciones | N4: Estado
A5: 1 | B5: GDU001 | C5: =VLOOKUP(B5,unidad,2) -> Liviano | D5: =VLOOKUP(B5,unidad,3) -> FIAT | E5: =VLOOKUP(B5,unidad,4) -> UNO | F5: =VLOOKUP(B5,unidad,5) -> EYI 197 | H5: Base | J5: Base | N5: 0 | O5: =VLOOKUP(N5,estado,3) -> Seleccione Estado
A6: =+A5+1 -> 2 | B6: GDU002 | C6: =VLOOKUP(B6,unidad,2) -> Liviano | D6: =VLOOKUP(B6,unidad,3) -> FIAT | E6: =VLOOKUP(B6,unidad,4) -> UNO | F6: =VLOOKUP(B6,unidad,5) -> ODQ 087 | H6: Base | J6: Base | N6: 0 | O6: =VLOOKUP(N6,estado,3) -> Seleccione Estado
A7: =+A6+1 -> 3 | B7: GDU011 | C7: =VLOOKUP(B7,unidad,2) -> Liviano | D7: =VLOOKUP(B7,unidad,3) -> CHEVROLET | E7: =VLOOKUP(B7,unidad,4) -> CELTA | F7: =VLOOKUP(B7,unidad,5) -> MEE 670 | H7: Base | J7: Base | N7: 0 | O7: =VLOOKUP(N7,estado,3) -> Seleccione Estado
A8: =+A7+1 -> 4 | B8: GDU053 | C8: =VLOOKUP(B8,unidad,2) -> Liviano | D8: =VLOOKUP(B8,unidad,3) -> FIAT | E8: =VLOOKUP(B8,unidad,4) -> FIORINO | F8: =VLOOKUP(B8,unidad,5) -> MHX 920 | H8: Base | J8: Base | N8: 0 | O8: =VLOOKUP(N8,estado,3) -> Seleccione Estado
A9: =+A8+1 -> 5 | B9: GDU061 | C9: =VLOOKUP(B9,unidad,2) -> Liviano | D9: =VLOOKUP(B9,unidad,3) -> RENAULT | E9: =VLOOKUP(B9,unidad,4) -> KANGOO | F9: =VLOOKUP(B9,unidad,5) -> AF 677 IV | H9: Base | J9: Base | N9: 0 | O9: =VLOOKUP(N9,estado,3) -> Seleccione Estado
A10: =+A9+1 -> 6 | B10: GDU055 | C10: =VLOOKUP(B10,unidad,2) -> Liviano | D10: =VLOOKUP(B10,unidad,3) -> VOLKSWAGEN | E10: =VLOOKUP(B10,unidad,4) -> AMAROK | F10: =VLOOKUP(B10,unidad,5) -> OGZ 054 | H10: Base | J10: Base | N10: 0 | O10: =VLOOKUP(N10,estado,3) -> Seleccione Estado
A11: =+A10+1 -> 7 | B11: GDU056 | C11: =VLOOKUP(B11,unidad,2) -> Liviano | D11: =VLOOKUP(B11,unidad,3) -> VOLKSWAGEN | E11: =VLOOKUP(B11,unidad,4) -> AMAROK | F11: =VLOOKUP(B11,unidad,5) -> AA 087 LA | H11: Base | J11: Base | N11: 0 | O11: =VLOOKUP(N11,estado,3) -> Seleccione Estado
A12: =+A11+1 -> 8 | B12: GDU057 | C12: =VLOOKUP(B12,unidad,2) -> Liviano | D12: =VLOOKUP(B12,unidad,3) -> VOLKSWAGEN | E12: =VLOOKUP(B12,unidad,4) -> AMAROK | F12: =VLOOKUP(B12,unidad,5) -> NZF 438 | H12: Base | J12: Base | N12: 0 | O12: =VLOOKUP(N12,estado,3) -> Seleccione Estado
A13: =+A12+1 -> 9 | B13: GDU064 | C13: =VLOOKUP(B13,unidad,2) -> Liviano | D13: =VLOOKUP(B13,unidad,3) -> FIAT | E13: =VLOOKUP(B13,unidad,4) -> STRADA | F13: =VLOOKUP(B13,unidad,5) -> AH210SR | H13: Base | J13: Base | N13: 0 | O13: =VLOOKUP(N13,estado,3) -> Seleccione Estado
A14: =+A13+1 -> 10 | B14: GDU065 | C14: =VLOOKUP(B14,unidad,2) -> Liviano | D14: =VLOOKUP(B14,unidad,3) -> FIAT | E14: =VLOOKUP(B14,unidad,4) -> FIORINO | F14: =VLOOKUP(B14,unidad,5) -> AH255OH | H14: Base | J14: Base | N14: 0 | O14: =VLOOKUP(N14,estado,3) -> Seleccione Estado
A15: =+A14+1 -> 11 | B15: GDU063 | C15: =VLOOKUP(B15,unidad,2) -> Liviano | D15: =VLOOKUP(B15,unidad,3) -> TOYOTA | E15: =VLOOKUP(B15,unidad,4) -> HILUX | F15: =VLOOKUP(B15,unidad,5) -> AD761JW | H15: Base | J15: Base | N15: 0 | O15: =VLOOKUP(N15,estado,3) -> Seleccione Estado
A16: =+A15+1 -> 12 | B16: GDU061 | C16: =VLOOKUP(B16,unidad,2) -> Liviano | D16: RENAULT | E16: KANGOO | F16: AF677IV | H16: Base | J16: Base | N16: 0 | O16: =VLOOKUP(N16,estado,3) -> Seleccione Estado
A17: =+A16+1 -> 13 | B17: GDU064 | C17: =VLOOKUP(B17,unidad,2) -> Liviano | D17: =VLOOKUP(B17,unidad,3) -> FIAT | E17: =VLOOKUP(B17,unidad,4) -> STRADA | F17: =VLOOKUP(B17,unidad,5) -> AH210SR | H17: Base | J17: Base | N17: 0 | O17: =VLOOKUP(N17,estado,3) -> Seleccione Estado
A18: =+A17+1 -> 14 | B18: GDU000 | C18: =VLOOKUP(B18,unidad,2) -> Selecciona Equipo | D18: =VLOOKUP(B18,unidad,3) -> 0 | E18: =VLOOKUP(B18,unidad,4) -> 0 | F18: =VLOOKUP(B18,unidad,5) -> 0 | H18: Base | J18: Base | N18: 0 | O18: =VLOOKUP(N18,estado,3) -> Seleccione Estado
A19: =+A18+1 -> 15 | B19: GDU000 | C19: =VLOOKUP(B19,unidad,2) -> Selecciona Equipo | D19: =VLOOKUP(B19,unidad,3) -> 0 | E19: =VLOOKUP(B19,unidad,4) -> 0 | F19: =VLOOKUP(B19,unidad,5) -> 0 | H19: Base | J19: Base | N19: 0 | O19: =VLOOKUP(N19,estado,3) -> Seleccione Estado
A20: =+A19+1 -> 16 | B20: GDU000 | C20: =VLOOKUP(B20,unidad,2) -> Selecciona Equipo | D20: =VLOOKUP(B20,unidad,3) -> 0 | E20: =VLOOKUP(B20,unidad,4) -> 0 | F20: =VLOOKUP(B20,unidad,5) -> 0 | H20: Base | J20: Base | N20: 0 | O20: =VLOOKUP(N20,estado,3) -> Seleccione Estado

Sheet Dia (13)
B1: Asignacion y uso de Vehiculos Livianos
B2: FECHA | D2: ='Dia (1)'!D2+_xlfn.SHEET()-1 -> 46278
H3: Salida | J3: Llegada
B4: Interno | D4: Tipo | E4: Marca | F4: Modelo | G4: Personal Asignado | H4: Lugar | I4: Horario | J4: Lugar | K4: Horario | L4: Uso | M4: Observaciones | N4: Estado
A5: 1 | B5: GDU001 | C5: =VLOOKUP(B5,unidad,2) -> Liviano | D5: =VLOOKUP(B5,unidad,3) -> FIAT | E5: =VLOOKUP(B5,unidad,4) -> UNO | F5: =VLOOKUP(B5,unidad,5) -> EYI 197 | H5: Base | J5: Base | N5: 0 | O5: =VLOOKUP(N5,estado,3) -> Seleccione Estado
A6: =+A5+1 -> 2 | B6: GDU002 | C6: =VLOOKUP(B6,unidad,2) -> Liviano | D6: =VLOOKUP(B6,unidad,3) -> FIAT | E6: =VLOOKUP(B6,unidad,4) -> UNO | F6: =VLOOKUP(B6,unidad,5) -> ODQ 087 | H6: Base | J6: Base | N6: 0 | O6: =VLOOKUP(N6,estado,3) -> Seleccione Estado
A7: =+A6+1 -> 3 | B7: GDU011 | C7: =VLOOKUP(B7,unidad,2) -> Liviano | D7: =VLOOKUP(B7,unidad,3) -> CHEVROLET | E7: =VLOOKUP(B7,unidad,4) -> CELTA | F7: =VLOOKUP(B7,unidad,5) -> MEE 670 | H7: Base | J7: Base | N7: 0 | O7: =VLOOKUP(N7,estado,3) -> Seleccione Estado
A8: =+A7+1 -> 4 | B8: GDU053 | C8: =VLOOKUP(B8,unidad,2) -> Liviano | D8: =VLOOKUP(B8,unidad,3) -> FIAT | E8: =VLOOKUP(B8,unidad,4) -> FIORINO | F8: =VLOOKUP(B8,unidad,5) -> MHX 920 | H8: Base | J8: Base | N8: 0 | O8: =VLOOKUP(N8,estado,3) -> Seleccione Estado
A9: =+A8+1 -> 5 | B9: GDU061 | C9: =VLOOKUP(B9,unidad,2) -> Liviano | D9: =VLOOKUP(B9,unidad,3) -> RENAULT | E9: =VLOOKUP(B9,unidad,4) -> KANGOO | F9: =VLOOKUP(B9,unidad,5) -> AF 677 IV | H9: Base | J9: Base | N9: 0 | O9: =VLOOKUP(N9,estado,3) -> Seleccione Estado
A10: =+A9+1 -> 6 | B10: GDU055 | C10: =VLOOKUP(B10,unidad,2) -> Liviano | D10: =VLOOKUP(B10,unidad,3) -> VOLKSWAGEN | E10: =VLOOKUP(B10,unidad,4) -> AMAROK | F10: =VLOOKUP(B10,unidad,5) -> OGZ 054 | H10: Base | J10: Base | N10: 0 | O10: =VLOOKUP(N10,estado,3) -> Seleccione Estado
A11: =+A10+1 -> 7 | B11: GDU056 | C11: =VLOOKUP(B11,unidad,2) -> Liviano | D11: =VLOOKUP(B11,unidad,3) -> VOLKSWAGEN | E11: =VLOOKUP(B11,unidad,4) -> AMAROK | F11: =VLOOKUP(B11,unidad,5) -> AA 087 LA | H11: Base | J11: Base | N11: 0 | O11: =VLOOKUP(N11,estado,3) -> Seleccione Estado
A12: =+A11+1 -> 8 | B12: GDU057 | C12: =VLOOKUP(B12,unidad,2) -> Liviano | D12: =VLOOKUP(B12,unidad,3) -> VOLKSWAGEN | E12: =VLOOKUP(B12,unidad,4) -> AMAROK | F12: =VLOOKUP(B12,unidad,5) -> NZF 438 | H12: Base | J12: Base | N12: 0 | O12: =VLOOKUP(N12,estado,3) -> Seleccione Estado
A13: =+A12+1 -> 9 | B13: GDU064 | C13: =VLOOKUP(B13,unidad,2) -> Liviano | D13: =VLOOKUP(B13,unidad,3) -> FIAT | E13: =VLOOKUP(B13,unidad,4) -> STRADA | F13: =VLOOKUP(B13,unidad,5) -> AH210SR | H13: Base | J13: Base | N13: 0 | O13: =VLOOKUP(N13,estado,3) -> Seleccione Estado
A14: =+A13+1 -> 10 | B14: GDU065 | C14: =VLOOKUP(B14,unidad,2) -> Liviano | D14: =VLOOKUP(B14,unidad,3) -> FIAT | E14: =VLOOKUP(B14,unidad,4) -> FIORINO | F14: =VLOOKUP(B14,unidad,5) -> AH255OH | H14: Base | J14: Base | N14: 0 | O14: =VLOOKUP(N14,estado,3) -> Seleccione Estado
A15: =+A14+1 -> 11 | B15: GDU063 | C15: =VLOOKUP(B15,unidad,2) -> Liviano | D15: =VLOOKUP(B15,unidad,3) -> TOYOTA | E15: =VLOOKUP(B15,unidad,4) -> HILUX | F15: =VLOOKUP(B15,unidad,5) -> AD761JW | H15: Base | J15: Base | N15: 0 | O15: =VLOOKUP(N15,estado,3) -> Seleccione Estado
A16: =+A15+1 -> 12 | B16: GDU061 | C16: =VLOOKUP(B16,unidad,2) -> Liviano | D16: RENAULT | E16: KANGOO | F16: AF677IV | H16: Base | J16: Base | N16: 0 | O16: =VLOOKUP(N16,estado,3) -> Seleccione Estado
A17: =+A16+1 -> 13 | B17: GDU064 | C17: =VLOOKUP(B17,unidad,2) -> Liviano | D17: =VLOOKUP(B17,unidad,3) -> FIAT | E17: =VLOOKUP(B17,unidad,4) -> STRADA | F17: =VLOOKUP(B17,unidad,5) -> AH210SR | H17: Base | J17: Base | N17: 0 | O17: =VLOOKUP(N17,estado,3) -> Seleccione Estado
A18: =+A17+1 -> 14 | B18: GDU000 | C18: =VLOOKUP(B18,unidad,2) -> Selecciona Equipo | D18: =VLOOKUP(B18,unidad,3) -> 0 | E18: =VLOOKUP(B18,unidad,4) -> 0 | F18: =VLOOKUP(B18,unidad,5) -> 0 | H18: Base | J18: Base | N18: 0 | O18: =VLOOKUP(N18,estado,3) -> Seleccione Estado
A19: =+A18+1 -> 15 | B19: GDU000 | C19: =VLOOKUP(B19,unidad,2) -> Selecciona Equipo | D19: =VLOOKUP(B19,unidad,3) -> 0 | E19: =VLOOKUP(B19,unidad,4) -> 0 | F19: =VLOOKUP(B19,unidad,5) -> 0 | H19: Base | J19: Base | N19: 0 | O19: =VLOOKUP(N19,estado,3) -> Seleccione Estado
A20: =+A19+1 -> 16 | B20: GDU000 | C20: =VLOOKUP(B20,unidad,2) -> Selecciona Equipo | D20: =VLOOKUP(B20,unidad,3) -> 0 | E20: =VLOOKUP(B20,unidad,4) -> 0 | F20: =VLOOKUP(B20,unidad,5) -> 0 | H20: Base | J20: Base | N20: 0 | O20: =VLOOKUP(N20,estado,3) -> Seleccione Estado

Sheet Dia (14)
B1: Asignacion y uso de Vehiculos Livianos
B2: FECHA | D2: ='Dia (1)'!D2+_xlfn.SHEET()-1 -> 46279
H3: Salida | J3: Llegada
B4: Interno | D4: Tipo | E4: Marca | F4: Modelo | G4: Personal Asignado | H4: Lugar | I4: Horario | J4: Lugar | K4: Horario | L4: Uso | M4: Observaciones | N4: Estado
A5: 1 | B5: GDU001 | C5: =VLOOKUP(B5,unidad,2) -> Liviano | D5: =VLOOKUP(B5,unidad,3) -> FIAT | E5: =VLOOKUP(B5,unidad,4) -> UNO | F5: =VLOOKUP(B5,unidad,5) -> EYI 197 | H5: Base | J5: Base | N5: 0 | O5: =VLOOKUP(N5,estado,3) -> Seleccione Estado
A6: =+A5+1 -> 2 | B6: GDU002 | C6: =VLOOKUP(B6,unidad,2) -> Liviano | D6: =VLOOKUP(B6,unidad,3) -> FIAT | E6: =VLOOKUP(B6,unidad,4) -> UNO | F6: =VLOOKUP(B6,unidad,5) -> ODQ 087 | H6: Base | J6: Base | N6: 0 | O6: =VLOOKUP(N6,estado,3) -> Seleccione Estado
A7: =+A6+1 -> 3 | B7: GDU011 | C7: =VLOOKUP(B7,unidad,2) -> Liviano | D7: =VLOOKUP(B7,unidad,3) -> CHEVROLET | E7: =VLOOKUP(B7,unidad,4) -> CELTA | F7: =VLOOKUP(B7,unidad,5) -> MEE 670 | H7: Base | J7: Base | N7: 0 | O7: =VLOOKUP(N7,estado,3) -> Seleccione Estado
A8: =+A7+1 -> 4 | B8: GDU053 | C8: =VLOOKUP(B8,unidad,2) -> Liviano | D8: =VLOOKUP(B8,unidad,3) -> FIAT | E8: =VLOOKUP(B8,unidad,4) -> FIORINO | F8: =VLOOKUP(B8,unidad,5) -> MHX 920 | H8: Base | J8: Base | N8: 0 | O8: =VLOOKUP(N8,estado,3) -> Seleccione Estado
A9: =+A8+1 -> 5 | B9: GDU061 | C9: =VLOOKUP(B9,unidad,2) -> Liviano | D9: =VLOOKUP(B9,unidad,3) -> RENAULT | E9: =VLOOKUP(B9,unidad,4) -> KANGOO | F9: =VLOOKUP(B9,unidad,5) -> AF 677 IV | H9: Base | J9: Base | N9: 0 | O9: =VLOOKUP(N9,estado,3) -> Seleccione Estado
A10: =+A9+1 -> 6 | B10: GDU055 | C10: =VLOOKUP(B10,unidad,2) -> Liviano | D10: =VLOOKUP(B10,unidad,3) -> VOLKSWAGEN | E10: =VLOOKUP(B10,unidad,4) -> AMAROK | F10: =VLOOKUP(B10,unidad,5) -> OGZ 054 | H10: Base | J10: Base | N10: 0 | O10: =VLOOKUP(N10,estado,3) -> Seleccione Estado
A11: =+A10+1 -> 7 | B11: GDU056 | C11: =VLOOKUP(B11,unidad,2) -> Liviano | D11: =VLOOKUP(B11,unidad,3) -> VOLKSWAGEN | E11: =VLOOKUP(B11,unidad,4) -> AMAROK | F11: =VLOOKUP(B11,unidad,5) -> AA 087 LA | H11: Base | J11: Base | N11: 0 | O11: =VLOOKUP(N11,estado,3) -> Seleccione Estado
A12: =+A11+1 -> 8 | B12: GDU057 | C12: =VLOOKUP(B12,unidad,2) -> Liviano | D12: =VLOOKUP(B12,unidad,3) -> VOLKSWAGEN | E12: =VLOOKUP(B12,unidad,4) -> AMAROK | F12: =VLOOKUP(B12,unidad,5) -> NZF 438 | H12: Base | J12: Base | N12: 0 | O12: =VLOOKUP(N12,estado,3) -> Seleccione Estado
A13: =+A12+1 -> 9 | B13: GDU064 | C13: =VLOOKUP(B13,unidad,2) -> Liviano | D13: =VLOOKUP(B13,unidad,3) -> FIAT | E13: =VLOOKUP(B13,unidad,4) -> STRADA | F13: =VLOOKUP(B13,unidad,5) -> AH210SR | H13: Base | J13: Base | N13: 0 | O13: =VLOOKUP(N13,estado,3) -> Seleccione Estado
A14: =+A13+1 -> 10 | B14: GDU065 | C14: =VLOOKUP(B14,unidad,2) -> Liviano | D14: =VLOOKUP(B14,unidad,3) -> FIAT | E14: =VLOOKUP(B14,unidad,4) -> FIORINO | F14: =VLOOKUP(B14,unidad,5) -> AH255OH | H14: Base | J14: Base | N14: 0 | O14: =VLOOKUP(N14,estado,3) -> Seleccione Estado
A15: =+A14+1 -> 11 | B15: GDU063 | C15: =VLOOKUP(B15,unidad,2) -> Liviano | D15: =VLOOKUP(B15,unidad,3) -> TOYOTA | E15: =VLOOKUP(B15,unidad,4) -> HILUX | F15: =VLOOKUP(B15,unidad,5) -> AD761JW | H15: Base | J15: Base | N15: 0 | O15: =VLOOKUP(N15,estado,3) -> Seleccione Estado
A16: =+A15+1 -> 12 | B16: GDU061 | C16: =VLOOKUP(B16,unidad,2) -> Liviano | D16: RENAULT | E16: KANGOO | F16: AF677IV | H16: Base | J16: Base | N16: 0 | O16: =VLOOKUP(N16,estado,3) -> Seleccione Estado
A17: =+A16+1 -> 13 | B17: GDU064 | C17: =VLOOKUP(B17,unidad,2) -> Liviano | D17: =VLOOKUP(B17,unidad,3) -> FIAT | E17: =VLOOKUP(B17,unidad,4) -> STRADA | F17: =VLOOKUP(B17,unidad,5) -> AH210SR | H17: Base | J17: Base | N17: 0 | O17: =VLOOKUP(N17,estado,3) -> Seleccione Estado
A18: =+A17+1 -> 14 | B18: GDU000 | C18: =VLOOKUP(B18,unidad,2) -> Selecciona Equipo | D18: =VLOOKUP(B18,unidad,3) -> 0 | E18: =VLOOKUP(B18,unidad,4) -> 0 | F18: =VLOOKUP(B18,unidad,5) -> 0 | H18: Base | J18: Base | N18: 0 | O18: =VLOOKUP(N18,estado,3) -> Seleccione Estado
A19: =+A18+1 -> 15 | B19: GDU000 | C19: =VLOOKUP(B19,unidad,2) -> Selecciona Equipo | D19: =VLOOKUP(B19,unidad,3) -> 0 | E19: =VLOOKUP(B19,unidad,4) -> 0 | F19: =VLOOKUP(B19,unidad,5) -> 0 | H19: Base | J19: Base | N19: 0 | O19: =VLOOKUP(N19,estado,3) -> Seleccione Estado
A20: =+A19+1 -> 16 | B20: GDU000 | C20: =VLOOKUP(B20,unidad,2) -> Selecciona Equipo | D20: =VLOOKUP(B20,unidad,3) -> 0 | E20: =VLOOKUP(B20,unidad,4) -> 0 | F20: =VLOOKUP(B20,unidad,5) -> 0 | H20: Base | J20: Base | N20: 0 | O20: =VLOOKUP(N20,estado,3) -> Seleccione Estado

Sheet Dia (15)
B1: Asignacion y uso de Vehiculos Livianos
B2: FECHA | D2: ='Dia (1)'!D2+_xlfn.SHEET()-1 -> 46280
H3: Salida | J3: Llegada
B4: Interno | D4: Tipo | E4: Marca | F4: Modelo | G4: Personal Asignado | H4: Lugar | I4: Horario | J4: Lugar | K4: Horario | L4: Uso | M4: Observaciones | N4: Estado
A5: 1 | B5: GDU001 | C5: =VLOOKUP(B5,unidad,2) -> Liviano | D5: =VLOOKUP(B5,unidad,3) -> FIAT | E5: =VLOOKUP(B5,unidad,4) -> UNO | F5: =VLOOKUP(B5,unidad,5) -> EYI 197 | H5: Base | J5: Base | N5: 0 | O5: =VLOOKUP(N5,estado,3) -> Seleccione Estado
A6: =+A5+1 -> 2 | B6: GDU002 | C6: =VLOOKUP(B6,unidad,2) -> Liviano | D6: =VLOOKUP(B6,unidad,3) -> FIAT | E6: =VLOOKUP(B6,unidad,4) -> UNO | F6: =VLOOKUP(B6,unidad,5) -> ODQ 087 | H6: Base | J6: Base | N6: 0 | O6: =VLOOKUP(N6,estado,3) -> Seleccione Estado
A7: =+A6+1 -> 3 | B7: GDU011 | C7: =VLOOKUP(B7,unidad,2) -> Liviano | D7: =VLOOKUP(B7,unidad,3) -> CHEVROLET | E7: =VLOOKUP(B7,unidad,4) -> CELTA | F7: =VLOOKUP(B7,unidad,5) -> MEE 670 | H7: Base | J7: Base | N7: 0 | O7: =VLOOKUP(N7,estado,3) -> Seleccione Estado
A8: =+A7+1 -> 4 | B8: GDU053 | C8: =VLOOKUP(B8,unidad,2) -> Liviano | D8: =VLOOKUP(B8,unidad,3) -> FIAT | E8: =VLOOKUP(B8,unidad,4) -> FIORINO | F8: =VLOOKUP(B8,unidad,5) -> MHX 920 | H8: Base | J8: Base | N8: 0 | O8: =VLOOKUP(N8,estado,3) -> Seleccione Estado
A9: =+A8+1 -> 5 | B9: GDU061 | C9: =VLOOKUP(B9,unidad,2) -> Liviano | D9: =VLOOKUP(B9,unidad,3) -> RENAULT | E9: =VLOOKUP(B9,unidad,4) -> KANGOO | F9: =VLOOKUP(B9,unidad,5) -> AF 677 IV | H9: Base | J9: Base | N9: 0 | O9: =VLOOKUP(N9,estado,3) -> Seleccione Estado
A10: =+A9+1 -> 6 | B10: GDU055 | C10: =VLOOKUP(B10,unidad,2) -> Liviano | D10: =VLOOKUP(B10,unidad,3) -> VOLKSWAGEN | E10: =VLOOKUP(B10,unidad,4) -> AMAROK | F10: =VLOOKUP(B10,unidad,5) -> OGZ 054 | H10: Base | J10: Base | N10: 0 | O10: =VLOOKUP(N10,estado,3) -> Seleccione Estado
A11: =+A10+1 -> 7 | B11: GDU056 | C11: =VLOOKUP(B11,unidad,2) -> Liviano | D11: =VLOOKUP(B11,unidad,3) -> VOLKSWAGEN | E11: =VLOOKUP(B11,unidad,4) -> AMAROK | F11: =VLOOKUP(B11,unidad,5) -> AA 087 LA | H11: Base | J11: Base | N11: 0 | O11: =VLOOKUP(N11,estado,3) -> Seleccione Estado
A12: =+A11+1 -> 8 | B12: GDU057 | C12: =VLOOKUP(B12,unidad,2) -> Liviano | D12: =VLOOKUP(B12,unidad,3) -> VOLKSWAGEN | E12: =VLOOKUP(B12,unidad,4) -> AMAROK | F12: =VLOOKUP(B12,unidad,5) -> NZF 438 | H12: Base | J12: Base | N12: 0 | O12: =VLOOKUP(N12,estado,3) -> Seleccione Estado
A13: =+A12+1 -> 9 | B13: GDU064 | C13: =VLOOKUP(B13,unidad,2) -> Liviano | D13: =VLOOKUP(B13,unidad,3) -> FIAT | E13: =VLOOKUP(B13,unidad,4) -> STRADA | F13: =VLOOKUP(B13,unidad,5) -> AH210SR | H13: Base | J13: Base | N13: 0 | O13: =VLOOKUP(N13,estado,3) -> Seleccione Estado
A14: =+A13+1 -> 10 | B14: GDU065 | C14: =VLOOKUP(B14,unidad,2) -> Liviano | D14: =VLOOKUP(B14,unidad,3) -> FIAT | E14: =VLOOKUP(B14,unidad,4) -> FIORINO | F14: =VLOOKUP(B14,unidad,5) -> AH255OH | H14: Base | J14: Base | N14: 0 | O14: =VLOOKUP(N14,estado,3) -> Seleccione Estado
A15: =+A14+1 -> 11 | B15: GDU063 | C15: =VLOOKUP(B15,unidad,2) -> Liviano | D15: =VLOOKUP(B15,unidad,3) -> TOYOTA | E15: =VLOOKUP(B15,unidad,4) -> HILUX | F15: =VLOOKUP(B15,unidad,5) -> AD761JW | H15: Base | J15: Base | N15: 0 | O15: =VLOOKUP(N15,estado,3) -> Seleccione Estado
A16: =+A15+1 -> 12 | B16: GDU061 | C16: =VLOOKUP(B16,unidad,2) -> Liviano | D16: RENAULT | E16: KANGOO | F16: AF677IV | H16: Base | J16: Base | N16: 0 | O16: =VLOOKUP(N16,estado,3) -> Seleccione Estado
A17: =+A16+1 -> 13 | B17: GDU064 | C17: =VLOOKUP(B17,unidad,2) -> Liviano | D17: =VLOOKUP(B17,unidad,3) -> FIAT | E17: =VLOOKUP(B17,unidad,4) -> STRADA | F17: =VLOOKUP(B17,unidad,5) -> AH210SR | H17: Base | J17: Base | N17: 0 | O17: =VLOOKUP(N17,estado,3) -> Seleccione Estado
A18: =+A17+1 -> 14 | B18: GDU000 | C18: =VLOOKUP(B18,unidad,2) -> Selecciona Equipo | D18: =VLOOKUP(B18,unidad,3) -> 0 | E18: =VLOOKUP(B18,unidad,4) -> 0 | F18: =VLOOKUP(B18,unidad,5) -> 0 | H18: Base | J18: Base | N18: 0 | O18: =VLOOKUP(N18,estado,3) -> Seleccione Estado
A19: =+A18+1 -> 15 | B19: GDU000 | C19: =VLOOKUP(B19,unidad,2) -> Selecciona Equipo | D19: =VLOOKUP(B19,unidad,3) -> 0 | E19: =VLOOKUP(B19,unidad,4) -> 0 | F19: =VLOOKUP(B19,unidad,5) -> 0 | H19: Base | J19: Base | N19: 0 | O19: =VLOOKUP(N19,estado,3) -> Seleccione Estado
A20: =+A19+1 -> 16 | B20: GDU000 | C20: =VLOOKUP(B20,unidad,2) -> Selecciona Equipo | D20: =VLOOKUP(B20,unidad,3) -> 0 | E20: =VLOOKUP(B20,unidad,4) -> 0 | F20: =VLOOKUP(B20,unidad,5) -> 0 | H20: Base | J20: Base | N20: 0 | O20: =VLOOKUP(N20,estado,3) -> Seleccione Estado

Sheet Dia (16)
B1: Asignacion y uso de Vehiculos Livianos
B2: FECHA | D2: ='Dia (1)'!D2+_xlfn.SHEET()-1 -> 46281
H3: Salida | J3: Llegada
B4: Interno | D4: Tipo | E4: Marca | F4: Modelo | G4: Personal Asignado | H4: Lugar | I4: Horario | J4: Lugar | K4: Horario | L4: Uso | M4: Observaciones | N4: Estado
A5: 1 | B5: GDU001 | C5: =VLOOKUP(B5,unidad,2) -> Liviano | D5: =VLOOKUP(B5,unidad,3) -> FIAT | E5: =VLOOKUP(B5,unidad,4) -> UNO | F5: =VLOOKUP(B5,unidad,5) -> EYI 197 | H5: Base | J5: Base | N5: 0 | O5: =VLOOKUP(N5,estado,3) -> Seleccione Estado
A6: =+A5+1 -> 2 | B6: GDU002 | C6: =VLOOKUP(B6,unidad,2) -> Liviano | D6: =VLOOKUP(B6,unidad,3) -> FIAT | E6: =VLOOKUP(B6,unidad,4) -> UNO | F6: =VLOOKUP(B6,unidad,5) -> ODQ 087 | H6: Base | J6: Base | N6: 0 | O6: =VLOOKUP(N6,estado,3) -> Seleccione Estado
A7: =+A6+1 -> 3 | B7: GDU011 | C7: =VLOOKUP(B7,unidad,2) -> Liviano | D7: =VLOOKUP(B7,unidad,3) -> CHEVROLET | E7: =VLOOKUP(B7,unidad,4) -> CELTA | F7: =VLOOKUP(B7,unidad,5) -> MEE 670 | H7: Base | J7: Base | N7: 0 | O7: =VLOOKUP(N7,estado,3) -> Seleccione Estado
A8: =+A7+1 -> 4 | B8: GDU053 | C8: =VLOOKUP(B8,unidad,2) -> Liviano | D8: =VLOOKUP(B8,unidad,3) -> FIAT | E8: =VLOOKUP(B8,unidad,4) -> FIORINO | F8: =VLOOKUP(B8,unidad,5) -> MHX 920 | H8: Base | J8: Base | N8: 0 | O8: =VLOOKUP(N8,estado,3) -> Seleccione Estado
A9: =+A8+1 -> 5 | B9: GDU061 | C9: =VLOOKUP(B9,unidad,2) -> Liviano | D9: =VLOOKUP(B9,unidad,3) -> RENAULT | E9: =VLOOKUP(B9,unidad,4) -> KANGOO | F9: =VLOOKUP(B9,unidad,5) -> AF 677 IV | H9: Base | J9: Base | N9: 0 | O9: =VLOOKUP(N9,estado,3) -> Seleccione Estado
A10: =+A9+1 -> 6 | B10: GDU055 | C10: =VLOOKUP(B10,unidad,2) -> Liviano | D10: =VLOOKUP(B10,unidad,3) -> VOLKSWAGEN | E10: =VLOOKUP(B10,unidad,4) -> AMAROK | F10: =VLOOKUP(B10,unidad,5) -> OGZ 054 | H10: Base | J10: Base | N10: 0 | O10: =VLOOKUP(N10,estado,3) -> Seleccione Estado
A11: =+A10+1 -> 7 | B11: GDU056 | C11: =VLOOKUP(B11,unidad,2) -> Liviano | D11: =VLOOKUP(B11,unidad,3) -> VOLKSWAGEN | E11: =VLOOKUP(B11,unidad,4) -> AMAROK | F11: =VLOOKUP(B11,unidad,5) -> AA 087 LA | H11: Base | J11: Base | N11: 0 | O11: =VLOOKUP(N11,estado,3) -> Seleccione Estado
A12: =+A11+1 -> 8 | B12: GDU057 | C12: =VLOOKUP(B12,unidad,2) -> Liviano | D12: =VLOOKUP(B12,unidad,3) -> VOLKSWAGEN | E12: =VLOOKUP(B12,unidad,4) -> AMAROK | F12: =VLOOKUP(B12,unidad,5) -> NZF 438 | H12: Base | J12: Base | N12: 0 | O12: =VLOOKUP(N12,estado,3) -> Seleccione Estado
A13: =+A12+1 -> 9 | B13: GDU064 | C13: =VLOOKUP(B13,unidad,2) -> Liviano | D13: =VLOOKUP(B13,unidad,3) -> FIAT | E13: =VLOOKUP(B13,unidad,4) -> STRADA | F13: =VLOOKUP(B13,unidad,5) -> AH210SR | H13: Base | J13: Base | N13: 0 | O13: =VLOOKUP(N13,estado,3) -> Seleccione Estado
A14: =+A13+1 -> 10 | B14: GDU065 | C14: =VLOOKUP(B14,unidad,2) -> Liviano | D14: =VLOOKUP(B14,unidad,3) -> FIAT | E14: =VLOOKUP(B14,unidad,4) -> FIORINO | F14: =VLOOKUP(B14,unidad,5) -> AH255OH | H14: Base | J14: Base | N14: 0 | O14: =VLOOKUP(N14,estado,3) -> Seleccione Estado
A15: =+A14+1 -> 11 | B15: GDU063 | C15: =VLOOKUP(B15,unidad,2) -> Liviano | D15: =VLOOKUP(B15,unidad,3) -> TOYOTA | E15: =VLOOKUP(B15,unidad,4) -> HILUX | F15: =VLOOKUP(B15,unidad,5) -> AD761JW | H15: Base | J15: Base | N15: 0 | O15: =VLOOKUP(N15,estado,3) -> Seleccione Estado
A16: =+A15+1 -> 12 | B16: GDU061 | C16: =VLOOKUP(B16,unidad,2) -> Liviano | D16: RENAULT | E16: KANGOO | F16: AF677IV | H16: Base | J16: Base | N16: 0 | O16: =VLOOKUP(N16,estado,3) -> Seleccione Estado
A17: =+A16+1 -> 13 | B17: GDU064 | C17: =VLOOKUP(B17,unidad,2) -> Liviano | D17: =VLOOKUP(B17,unidad,3) -> FIAT | E17: =VLOOKUP(B17,unidad,4) -> STRADA | F17: =VLOOKUP(B17,unidad,5) -> AH210SR | H17: Base | J17: Base | N17: 0 | O17: =VLOOKUP(N17,estado,3) -> Seleccione Estado
A18: =+A17+1 -> 14 | B18: GDU000 | C18: =VLOOKUP(B18,unidad,2) -> Selecciona Equipo | D18: =VLOOKUP(B18,unidad,3) -> 0 | E18: =VLOOKUP(B18,unidad,4) -> 0 | F18: =VLOOKUP(B18,unidad,5) -> 0 | H18: Base | J18: Base | N18: 0 | O18: =VLOOKUP(N18,estado,3) -> Seleccione Estado
A19: =+A18+1 -> 15 | B19: GDU000 | C19: =VLOOKUP(B19,unidad,2) -> Selecciona Equipo | D19: =VLOOKUP(B19,unidad,3) -> 0 | E19: =VLOOKUP(B19,unidad,4) -> 0 | F19: =VLOOKUP(B19,unidad,5) -> 0 | H19: Base | J19: Base | N19: 0 | O19: =VLOOKUP(N19,estado,3) -> Seleccione Estado
A20: =+A19+1 -> 16 | B20: GDU000 | C20: =VLOOKUP(B20,unidad,2) -> Selecciona Equipo | D20: =VLOOKUP(B20,unidad,3) -> 0 | E20: =VLOOKUP(B20,unidad,4) -> 0 | F20: =VLOOKUP(B20,unidad,5) -> 0 | H20: Base | J20: Base | N20: 0 | O20: =VLOOKUP(N20,estado,3) -> Seleccione Estado

Sheet Dia (17)
B1: Asignacion y uso de Vehiculos Livianos
B2: FECHA | D2: ='Dia (1)'!D2+_xlfn.SHEET()-1 -> 46282
H3: Salida | J3: Llegada
B4: Interno | D4: Tipo | E4: Marca | F4: Modelo | G4: Personal Asignado | H4: Lugar | I4: Horario | J4: Lugar | K4: Horario | L4: Uso | M4: Observaciones | N4: Estado
A5: 1 | B5: GDU001 | C5: =VLOOKUP(B5,unidad,2) -> Liviano | D5: =VLOOKUP(B5,unidad,3) -> FIAT | E5: =VLOOKUP(B5,unidad,4) -> UNO | F5: =VLOOKUP(B5,unidad,5) -> EYI 197 | H5: Base | J5: Base | N5: 0 | O5: =VLOOKUP(N5,estado,3) -> Seleccione Estado
A6: =+A5+1 -> 2 | B6: GDU002 | C6: =VLOOKUP(B6,unidad,2) -> Liviano | D6: =VLOOKUP(B6,unidad,3) -> FIAT | E6: =VLOOKUP(B6,unidad,4) -> UNO | F6: =VLOOKUP(B6,unidad,5) -> ODQ 087 | H6: Base | J6: Base | N6: 0 | O6: =VLOOKUP(N6,estado,3) -> Seleccione Estado
A7: =+A6+1 -> 3 | B7: GDU011 | C7: =VLOOKUP(B7,unidad,2) -> Liviano | D7: =VLOOKUP(B7,unidad,3) -> CHEVROLET | E7: =VLOOKUP(B7,unidad,4) -> CELTA | F7: =VLOOKUP(B7,unidad,5) -> MEE 670 | H7: Base | J7: Base | N7: 0 | O7: =VLOOKUP(N7,estado,3) -> Seleccione Estado
A8: =+A7+1 -> 4 | B8: GDU053 | C8: =VLOOKUP(B8,unidad,2) -> Liviano | D8: =VLOOKUP(B8,unidad,3) -> FIAT | E8: =VLOOKUP(B8,unidad,4) -> FIORINO | F8: =VLOOKUP(B8,unidad,5) -> MHX 920 | H8: Base | J8: Base | N8: 0 | O8: =VLOOKUP(N8,estado,3) -> Seleccione Estado
A9: =+A8+1 -> 5 | B9: GDU061 | C9: =VLOOKUP(B9,unidad,2) -> Liviano | D9: =VLOOKUP(B9,unidad,3) -> RENAULT | E9: =VLOOKUP(B9,unidad,4) -> KANGOO | F9: =VLOOKUP(B9,unidad,5) -> AF 677 IV | H9: Base | J9: Base | N9: 0 | O9: =VLOOKUP(N9,estado,3) -> Seleccione Estado
A10: =+A9+1 -> 6 | B10: GDU055 | C10: =VLOOKUP(B10,unidad,2) -> Liviano | D10: =VLOOKUP(B10,unidad,3) -> VOLKSWAGEN | E10: =VLOOKUP(B10,unidad,4) -> AMAROK | F10: =VLOOKUP(B10,unidad,5) -> OGZ 054 | H10: Base | J10: Base | N10: 0 | O10: =VLOOKUP(N10,estado,3) -> Seleccione Estado
A11: =+A10+1 -> 7 | B11: GDU056 | C11: =VLOOKUP(B11,unidad,2) -> Liviano | D11: =VLOOKUP(B11,unidad,3) -> VOLKSWAGEN | E11: =VLOOKUP(B11,unidad,4) -> AMAROK | F11: =VLOOKUP(B11,unidad,5) -> AA 087 LA | H11: Base | J11: Base | N11: 0 | O11: =VLOOKUP(N11,estado,3) -> Seleccione Estado
A12: =+A11+1 -> 8 | B12: GDU057 | C12: =VLOOKUP(B12,unidad,2) -> Liviano | D12: =VLOOKUP(B12,unidad,3) -> VOLKSWAGEN | E12: =VLOOKUP(B12,unidad,4) -> AMAROK | F12: =VLOOKUP(B12,unidad,5) -> NZF 438 | H12: Base | J12: Base | N12: 0 | O12: =VLOOKUP(N12,estado,3) -> Seleccione Estado
A13: =+A12+1 -> 9 | B13: GDU064 | C13: =VLOOKUP(B13,unidad,2) -> Liviano | D13: =VLOOKUP(B13,unidad,3) -> FIAT | E13: =VLOOKUP(B13,unidad,4) -> STRADA | F13: =VLOOKUP(B13,unidad,5) -> AH210SR | H13: Base | J13: Base | N13: 0 | O13: =VLOOKUP(N13,estado,3) -> Seleccione Estado
A14: =+A13+1 -> 10 | B14: GDU065 | C14: =VLOOKUP(B14,unidad,2) -> Liviano | D14: =VLOOKUP(B14,unidad,3) -> FIAT | E14: =VLOOKUP(B14,unidad,4) -> FIORINO | F14: =VLOOKUP(B14,unidad,5) -> AH255OH | H14: Base | J14: Base | N14: 0 | O14: =VLOOKUP(N14,estado,3) -> Seleccione Estado
A15: =+A14+1 -> 11 | B15: GDU063 | C15: =VLOOKUP(B15,unidad,2) -> Liviano | D15: =VLOOKUP(B15,unidad,3) -> TOYOTA | E15: =VLOOKUP(B15,unidad,4) -> HILUX | F15: =VLOOKUP(B15,unidad,5) -> AD761JW | H15: Base | J15: Base | N15: 0 | O15: =VLOOKUP(N15,estado,3) -> Seleccione Estado
A16: =+A15+1 -> 12 | B16: GDU061 | C16: =VLOOKUP(B16,unidad,2) -> Liviano | D16: RENAULT | E16: KANGOO | F16: AF677IV | H16: Base | J16: Base | N16: 0 | O16: =VLOOKUP(N16,estado,3) -> Seleccione Estado
A17: =+A16+1 -> 13 | B17: GDU064 | C17: =VLOOKUP(B17,unidad,2) -> Liviano | D17: =VLOOKUP(B17,unidad,3) -> FIAT | E17: =VLOOKUP(B17,unidad,4) -> STRADA | F17: =VLOOKUP(B17,unidad,5) -> AH210SR | H17: Base | J17: Base | N17: 0 | O17: =VLOOKUP(N17,estado,3) -> Seleccione Estado
A18: =+A17+1 -> 14 | B18: GDU000 | C18: =VLOOKUP(B18,unidad,2) -> Selecciona Equipo | D18: =VLOOKUP(B18,unidad,3) -> 0 | E18: =VLOOKUP(B18,unidad,4) -> 0 | F18: =VLOOKUP(B18,unidad,5) -> 0 | H18: Base | J18: Base | N18: 0 | O18: =VLOOKUP(N18,estado,3) -> Seleccione Estado
A19: =+A18+1 -> 15 | B19: GDU000 | C19: =VLOOKUP(B19,unidad,2) -> Selecciona Equipo | D19: =VLOOKUP(B19,unidad,3) -> 0 | E19: =VLOOKUP(B19,unidad,4) -> 0 | F19: =VLOOKUP(B19,unidad,5) -> 0 | H19: Base | J19: Base | N19: 0 | O19: =VLOOKUP(N19,estado,3) -> Seleccione Estado
A20: =+A19+1 -> 16 | B20: GDU000 | C20: =VLOOKUP(B20,unidad,2) -> Selecciona Equipo | D20: =VLOOKUP(B20,unidad,3) -> 0 | E20: =VLOOKUP(B20,unidad,4) -> 0 | F20: =VLOOKUP(B20,unidad,5) -> 0 | H20: Base | J20: Base | N20: 0 | O20: =VLOOKUP(N20,estado,3) -> Seleccione Estado

Sheet Dia (18)
B1: Asignacion y uso de Vehiculos Livianos
B2: FECHA | D2: ='Dia (1)'!D2+_xlfn.SHEET()-1 -> 46283
H3: Salida | J3: Llegada
B4: Interno | D4: Tipo | E4: Marca | F4: Modelo | G4: Personal Asignado | H4: Lugar | I4: Horario | J4: Lugar | K4: Horario | L4: Uso | M4: Observaciones | N4: Estado
A5: 1 | B5: GDU001 | C5: =VLOOKUP(B5,unidad,2) -> Liviano | D5: =VLOOKUP(B5,unidad,3) -> FIAT | E5: =VLOOKUP(B5,unidad,4) -> UNO | F5: =VLOOKUP(B5,unidad,5) -> EYI 197 | H5: Base | J5: Base | N5: 0 | O5: =VLOOKUP(N5,estado,3) -> Seleccione Estado
A6: =+A5+1 -> 2 | B6: GDU002 | C6: =VLOOKUP(B6,unidad,2) -> Liviano | D6: =VLOOKUP(B6,unidad,3) -> FIAT | E6: =VLOOKUP(B6,unidad,4) -> UNO | F6: =VLOOKUP(B6,unidad,5) -> ODQ 087 | H6: Base | J6: Base | N6: 0 | O6: =VLOOKUP(N6,estado,3) -> Seleccione Estado
A7: =+A6+1 -> 3 | B7: GDU011 | C7: =VLOOKUP(B7,unidad,2) -> Liviano | D7: =VLOOKUP(B7,unidad,3) -> CHEVROLET | E7: =VLOOKUP(B7,unidad,4) -> CELTA | F7: =VLOOKUP(B7,unidad,5) -> MEE 670 | H7: Base | J7: Base | N7: 0 | O7: =VLOOKUP(N7,estado,3) -> Seleccione Estado
A8: =+A7+1 -> 4 | B8: GDU053 | C8: =VLOOKUP(B8,unidad,2) -> Liviano | D8: =VLOOKUP(B8,unidad,3) -> FIAT | E8: =VLOOKUP(B8,unidad,4) -> FIORINO | F8: =VLOOKUP(B8,unidad,5) -> MHX 920 | H8: Base | J8: Base | N8: 0 | O8: =VLOOKUP(N8,estado,3) -> Seleccione Estado
A9: =+A8+1 -> 5 | B9: GDU061 | C9: =VLOOKUP(B9,unidad,2) -> Liviano | D9: =VLOOKUP(B9,unidad,3) -> RENAULT | E9: =VLOOKUP(B9,unidad,4) -> KANGOO | F9: =VLOOKUP(B9,unidad,5) -> AF 677 IV | H9: Base | J9: Base | N9: 0 | O9: =VLOOKUP(N9,estado,3) -> Seleccione Estado
A10: =+A9+1 -> 6 | B10: GDU055 | C10: =VLOOKUP(B10,unidad,2) -> Liviano | D10: =VLOOKUP(B10,unidad,3) -> VOLKSWAGEN | E10: =VLOOKUP(B10,unidad,4) -> AMAROK | F10: =VLOOKUP(B10,unidad,5) -> OGZ 054 | H10: Base | J10: Base | N10: 0 | O10: =VLOOKUP(N10,estado,3) -> Seleccione Estado
A11: =+A10+1 -> 7 | B11: GDU056 | C11: =VLOOKUP(B11,unidad,2) -> Liviano | D11: =VLOOKUP(B11,unidad,3) -> VOLKSWAGEN | E11: =VLOOKUP(B11,unidad,4) -> AMAROK | F11: =VLOOKUP(B11,unidad,5) -> AA 087 LA | H11: Base | J11: Base | N11: 0 | O11: =VLOOKUP(N11,estado,3) -> Seleccione Estado
A12: =+A11+1 -> 8 | B12: GDU057 | C12: =VLOOKUP(B12,unidad,2) -> Liviano | D12: =VLOOKUP(B12,unidad,3) -> VOLKSWAGEN | E12: =VLOOKUP(B12,unidad,4) -> AMAROK | F12: =VLOOKUP(B12,unidad,5) -> NZF 438 | H12: Base | J12: Base | N12: 0 | O12: =VLOOKUP(N12,estado,3) -> Seleccione Estado
A13: =+A12+1 -> 9 | B13: GDU064 | C13: =VLOOKUP(B13,unidad,2) -> Liviano | D13: =VLOOKUP(B13,unidad,3) -> FIAT | E13: =VLOOKUP(B13,unidad,4) -> STRADA | F13: =VLOOKUP(B13,unidad,5) -> AH210SR | H13: Base | J13: Base | N13: 0 | O13: =VLOOKUP(N13,estado,3) -> Seleccione Estado
A14: =+A13+1 -> 10 | B14: GDU065 | C14: =VLOOKUP(B14,unidad,2) -> Liviano | D14: =VLOOKUP(B14,unidad,3) -> FIAT | E14: =VLOOKUP(B14,unidad,4) -> FIORINO | F14: =VLOOKUP(B14,unidad,5) -> AH255OH | H14: Base | J14: Base | N14: 0 | O14: =VLOOKUP(N14,estado,3) -> Seleccione Estado
A15: =+A14+1 -> 11 | B15: GDU063 | C15: =VLOOKUP(B15,unidad,2) -> Liviano | D15: =VLOOKUP(B15,unidad,3) -> TOYOTA | E15: =VLOOKUP(B15,unidad,4) -> HILUX | F15: =VLOOKUP(B15,unidad,5) -> AD761JW | H15: Base | J15: Base | N15: 0 | O15: =VLOOKUP(N15,estado,3) -> Seleccione Estado
A16: =+A15+1 -> 12 | B16: GDU061 | C16: =VLOOKUP(B16,unidad,2) -> Liviano | D16: RENAULT | E16: KANGOO | F16: AF677IV | H16: Base | J16: Base | N16: 0 | O16: =VLOOKUP(N16,estado,3) -> Seleccione Estado
A17: =+A16+1 -> 13 | B17: GDU064 | C17: =VLOOKUP(B17,unidad,2) -> Liviano | D17: =VLOOKUP(B17,unidad,3) -> FIAT | E17: =VLOOKUP(B17,unidad,4) -> STRADA | F17: =VLOOKUP(B17,unidad,5) -> AH210SR | H17: Base | J17: Base | N17: 0 | O17: =VLOOKUP(N17,estado,3) -> Seleccione Estado
A18: =+A17+1 -> 14 | B18: GDU000 | C18: =VLOOKUP(B18,unidad,2) -> Selecciona Equipo | D18: =VLOOKUP(B18,unidad,3) -> 0 | E18: =VLOOKUP(B18,unidad,4) -> 0 | F18: =VLOOKUP(B18,unidad,5) -> 0 | H18: Base | J18: Base | N18: 0 | O18: =VLOOKUP(N18,estado,3) -> Seleccione Estado
A19: =+A18+1 -> 15 | B19: GDU000 | C19: =VLOOKUP(B19,unidad,2) -> Selecciona Equipo | D19: =VLOOKUP(B19,unidad,3) -> 0 | E19: =VLOOKUP(B19,unidad,4) -> 0 | F19: =VLOOKUP(B19,unidad,5) -> 0 | H19: Base | J19: Base | N19: 0 | O19: =VLOOKUP(N19,estado,3) -> Seleccione Estado
A20: =+A19+1 -> 16 | B20: GDU000 | C20: =VLOOKUP(B20,unidad,2) -> Selecciona Equipo | D20: =VLOOKUP(B20,unidad,3) -> 0 | E20: =VLOOKUP(B20,unidad,4) -> 0 | F20: =VLOOKUP(B20,unidad,5) -> 0 | H20: Base | J20: Base | N20: 0 | O20: =VLOOKUP(N20,estado,3) -> Seleccione Estado

Sheet Dia (19)
B1: Asignacion y uso de Vehiculos Livianos
B2: FECHA | D2: ='Dia (1)'!D2+_xlfn.SHEET()-1 -> 46284
H3: Salida | J3: Llegada
B4: Interno | D4: Tipo | E4: Marca | F4: Modelo | G4: Personal Asignado | H4: Lugar | I4: Horario | J4: Lugar | K4: Horario | L4: Uso | M4: Observaciones | N4: Estado
A5: 1 | B5: GDU001 | C5: =VLOOKUP(B5,unidad,2) -> Liviano | D5: =VLOOKUP(B5,unidad,3) -> FIAT | E5: =VLOOKUP(B5,unidad,4) -> UNO | F5: =VLOOKUP(B5,unidad,5) -> EYI 197 | H5: Base | J5: Base | N5: 0 | O5: =VLOOKUP(N5,estado,3) -> Seleccione Estado
A6: =+A5+1 -> 2 | B6: GDU002 | C6: =VLOOKUP(B6,unidad,2) -> Liviano | D6: =VLOOKUP(B6,unidad,3) -> FIAT | E6: =VLOOKUP(B6,unidad,4) -> UNO | F6: =VLOOKUP(B6,unidad,5) -> ODQ 087 | H6: Base | J6: Base | N6: 0 | O6: =VLOOKUP(N6,estado,3) -> Seleccione Estado
A7: =+A6+1 -> 3 | B7: GDU011 | C7: =VLOOKUP(B7,unidad,2) -> Liviano | D7: =VLOOKUP(B7,unidad,3) -> CHEVROLET | E7: =VLOOKUP(B7,unidad,4) -> CELTA | F7: =VLOOKUP(B7,unidad,5) -> MEE 670 | H7: Base | J7: Base | N7: 0 | O7: =VLOOKUP(N7,estado,3) -> Seleccione Estado
A8: =+A7+1 -> 4 | B8: GDU053 | C8: =VLOOKUP(B8,unidad,2) -> Liviano | D8: =VLOOKUP(B8,unidad,3) -> FIAT | E8: =VLOOKUP(B8,unidad,4) -> FIORINO | F8: =VLOOKUP(B8,unidad,5) -> MHX 920 | H8: Base | J8: Base | N8: 0 | O8: =VLOOKUP(N8,estado,3) -> Seleccione Estado
A9: =+A8+1 -> 5 | B9: GDU061 | C9: =VLOOKUP(B9,unidad,2) -> Liviano | D9: =VLOOKUP(B9,unidad,3) -> RENAULT | E9: =VLOOKUP(B9,unidad,4) -> KANGOO | F9: =VLOOKUP(B9,unidad,5) -> AF 677 IV | H9: Base | J9: Base | N9: 0 | O9: =VLOOKUP(N9,estado,3) -> Seleccione Estado
A10: =+A9+1 -> 6 | B10: GDU055 | C10: =VLOOKUP(B10,unidad,2) -> Liviano | D10: =VLOOKUP(B10,unidad,3) -> VOLKSWAGEN | E10: =VLOOKUP(B10,unidad,4) -> AMAROK | F10: =VLOOKUP(B10,unidad,5) -> OGZ 054 | H10: Base | J10: Base | N10: 0 | O10: =VLOOKUP(N10,estado,3) -> Seleccione Estado
A11: =+A10+1 -> 7 | B11: GDU056 | C11: =VLOOKUP(B11,unidad,2) -> Liviano | D11: =VLOOKUP(B11,unidad,3) -> VOLKSWAGEN | E11: =VLOOKUP(B11,unidad,4) -> AMAROK | F11: =VLOOKUP(B11,unidad,5) -> AA 087 LA | H11: Base | J11: Base | N11: 0 | O11: =VLOOKUP(N11,estado,3) -> Seleccione Estado
A12: =+A11+1 -> 8 | B12: GDU057 | C12: =VLOOKUP(B12,unidad,2) -> Liviano | D12: =VLOOKUP(B12,unidad,3) -> VOLKSWAGEN | E12: =VLOOKUP(B12,unidad,4) -> AMAROK | F12: =VLOOKUP(B12,unidad,5) -> NZF 438 | H12: Base | J12: Base | N12: 0 | O12: =VLOOKUP(N12,estado,3) -> Seleccione Estado
A13: =+A12+1 -> 9 | B13: GDU064 | C13: =VLOOKUP(B13,unidad,2) -> Liviano | D13: =VLOOKUP(B13,unidad,3) -> FIAT | E13: =VLOOKUP(B13,unidad,4) -> STRADA | F13: =VLOOKUP(B13,unidad,5) -> AH210SR | H13: Base | J13: Base | N13: 0 | O13: =VLOOKUP(N13,estado,3) -> Seleccione Estado
A14: =+A13+1 -> 10 | B14: GDU065 | C14: =VLOOKUP(B14,unidad,2) -> Liviano | D14: =VLOOKUP(B14,unidad,3) -> FIAT | E14: =VLOOKUP(B14,unidad,4) -> FIORINO | F14: =VLOOKUP(B14,unidad,5) -> AH255OH | H14: Base | J14: Base | N14: 0 | O14: =VLOOKUP(N14,estado,3) -> Seleccione Estado
A15: =+A14+1 -> 11 | B15: GDU063 | C15: =VLOOKUP(B15,unidad,2) -> Liviano | D15: =VLOOKUP(B15,unidad,3) -> TOYOTA | E15: =VLOOKUP(B15,unidad,4) -> HILUX | F15: =VLOOKUP(B15,unidad,5) -> AD761JW | H15: Base | J15: Base | N15: 0 | O15: =VLOOKUP(N15,estado,3) -> Seleccione Estado
A16: =+A15+1 -> 12 | B16: GDU061 | C16: =VLOOKUP(B16,unidad,2) -> Liviano | D16: RENAULT | E16: KANGOO | F16: AF677IV | H16: Base | J16: Base | N16: 0 | O16: =VLOOKUP(N16,estado,3) -> Seleccione Estado
A17: =+A16+1 -> 13 | B17: GDU064 | C17: =VLOOKUP(B17,unidad,2) -> Liviano | D17: =VLOOKUP(B17,unidad,3) -> FIAT | E17: =VLOOKUP(B17,unidad,4) -> STRADA | F17: =VLOOKUP(B17,unidad,5) -> AH210SR | H17: Base | J17: Base | N17: 0 | O17: =VLOOKUP(N17,estado,3) -> Seleccione Estado
A18: =+A17+1 -> 14 | B18: GDU000 | C18: =VLOOKUP(B18,unidad,2) -> Selecciona Equipo | D18: =VLOOKUP(B18,unidad,3) -> 0 | E18: =VLOOKUP(B18,unidad,4) -> 0 | F18: =VLOOKUP(B18,unidad,5) -> 0 | H18: Base | J18: Base | N18: 0 | O18: =VLOOKUP(N18,estado,3) -> Seleccione Estado
A19: =+A18+1 -> 15 | B19: GDU000 | C19: =VLOOKUP(B19,unidad,2) -> Selecciona Equipo | D19: =VLOOKUP(B19,unidad,3) -> 0 | E19: =VLOOKUP(B19,unidad,4) -> 0 | F19: =VLOOKUP(B19,unidad,5) -> 0 | H19: Base | J19: Base | N19: 0 | O19: =VLOOKUP(N19,estado,3) -> Seleccione Estado
A20: =+A19+1 -> 16 | B20: GDU000 | C20: =VLOOKUP(B20,unidad,2) -> Selecciona Equipo | D20: =VLOOKUP(B20,unidad,3) -> 0 | E20: =VLOOKUP(B20,unidad,4) -> 0 | F20: =VLOOKUP(B20,unidad,5) -> 0 | H20: Base | J20: Base | N20: 0 | O20: =VLOOKUP(N20,estado,3) -> Seleccione Estado

Sheet Dia (20)
B1: Asignacion y uso de Vehiculos Livianos
B2: FECHA | D2: ='Dia (1)'!D2+_xlfn.SHEET()-1 -> 46285
H3: Salida | J3: Llegada
B4: Interno | D4: Tipo | E4: Marca | F4: Modelo | G4: Personal Asignado | H4: Lugar | I4: Horario | J4: Lugar | K4: Horario | L4: Uso | M4: Observaciones | N4: Estado
A5: 1 | B5: GDU001 | C5: =VLOOKUP(B5,unidad,2) -> Liviano | D5: =VLOOKUP(B5,unidad,3) -> FIAT | E5: =VLOOKUP(B5,unidad,4) -> UNO | F5: =VLOOKUP(B5,unidad,5) -> EYI 197 | H5: Base | J5: Base | N5: 0 | O5: =VLOOKUP(N5,estado,3) -> Seleccione Estado
A6: =+A5+1 -> 2 | B6: GDU002 | C6: =VLOOKUP(B6,unidad,2) -> Liviano | D6: =VLOOKUP(B6,unidad,3) -> FIAT | E6: =VLOOKUP(B6,unidad,4) -> UNO | F6: =VLOOKUP(B6,unidad,5) -> ODQ 087 | H6: Base | J6: Base | N6: 0 | O6: =VLOOKUP(N6,estado,3) -> Seleccione Estado
A7: =+A6+1 -> 3 | B7: GDU011 | C7: =VLOOKUP(B7,unidad,2) -> Liviano | D7: =VLOOKUP(B7,unidad,3) -> CHEVROLET | E7: =VLOOKUP(B7,unidad,4) -> CELTA | F7: =VLOOKUP(B7,unidad,5) -> MEE 670 | H7: Base | J7: Base | N7: 0 | O7: =VLOOKUP(N7,estado,3) -> Seleccione Estado
A8: =+A7+1 -> 4 | B8: GDU053 | C8: =VLOOKUP(B8,unidad,2) -> Liviano | D8: =VLOOKUP(B8,unidad,3) -> FIAT | E8: =VLOOKUP(B8,unidad,4) -> FIORINO | F8: =VLOOKUP(B8,unidad,5) -> MHX 920 | H8: Base | J8: Base | N8: 0 | O8: =VLOOKUP(N8,estado,3) -> Seleccione Estado
A9: =+A8+1 -> 5 | B9: GDU061 | C9: =VLOOKUP(B9,unidad,2) -> Liviano | D9: =VLOOKUP(B9,unidad,3) -> RENAULT | E9: =VLOOKUP(B9,unidad,4) -> KANGOO | F9: =VLOOKUP(B9,unidad,5) -> AF 677 IV | H9: Base | J9: Base | N9: 0 | O9: =VLOOKUP(N9,estado,3) -> Seleccione Estado
A10: =+A9+1 -> 6 | B10: GDU055 | C10: =VLOOKUP(B10,unidad,2) -> Liviano | D10: =VLOOKUP(B10,unidad,3) -> VOLKSWAGEN | E10: =VLOOKUP(B10,unidad,4) -> AMAROK | F10: =VLOOKUP(B10,unidad,5) -> OGZ 054 | H10: Base | J10: Base | N10: 0 | O10: =VLOOKUP(N10,estado,3) -> Seleccione Estado
A11: =+A10+1 -> 7 | B11: GDU056 | C11: =VLOOKUP(B11,unidad,2) -> Liviano | D11: =VLOOKUP(B11,unidad,3) -> VOLKSWAGEN | E11: =VLOOKUP(B11,unidad,4) -> AMAROK | F11: =VLOOKUP(B11,unidad,5) -> AA 087 LA | H11: Base | J11: Base | N11: 0 | O11: =VLOOKUP(N11,estado,3) -> Seleccione Estado
A12: =+A11+1 -> 8 | B12: GDU057 | C12: =VLOOKUP(B12,unidad,2) -> Liviano | D12: =VLOOKUP(B12,unidad,3) -> VOLKSWAGEN | E12: =VLOOKUP(B12,unidad,4) -> AMAROK | F12: =VLOOKUP(B12,unidad,5) -> NZF 438 | H12: Base | J12: Base | N12: 0 | O12: =VLOOKUP(N12,estado,3) -> Seleccione Estado
A13: =+A12+1 -> 9 | B13: GDU064 | C13: =VLOOKUP(B13,unidad,2) -> Liviano | D13: =VLOOKUP(B13,unidad,3) -> FIAT | E13: =VLOOKUP(B13,unidad,4) -> STRADA | F13: =VLOOKUP(B13,unidad,5) -> AH210SR | H13: Base | J13: Base | N13: 0 | O13: =VLOOKUP(N13,estado,3) -> Seleccione Estado
A14: =+A13+1 -> 10 | B14: GDU065 | C14: =VLOOKUP(B14,unidad,2) -> Liviano | D14: =VLOOKUP(B14,unidad,3) -> FIAT | E14: =VLOOKUP(B14,unidad,4) -> FIORINO | F14: =VLOOKUP(B14,unidad,5) -> AH255OH | H14: Base | J14: Base | N14: 0 | O14: =VLOOKUP(N14,estado,3) -> Seleccione Estado
A15: =+A14+1 -> 11 | B15: GDU063 | C15: =VLOOKUP(B15,unidad,2) -> Liviano | D15: =VLOOKUP(B15,unidad,3) -> TOYOTA | E15: =VLOOKUP(B15,unidad,4) -> HILUX | F15: =VLOOKUP(B15,unidad,5) -> AD761JW | H15: Base | J15: Base | N15: 0 | O15: =VLOOKUP(N15,estado,3) -> Seleccione Estado
A16: =+A15+1 -> 12 | B16: GDU061 | C16: =VLOOKUP(B16,unidad,2) -> Liviano | D16: RENAULT | E16: KANGOO | F16: AF677IV | H16: Base | J16: Base | N16: 0 | O16: =VLOOKUP(N16,estado,3) -> Seleccione Estado
A17: =+A16+1 -> 13 | B17: GDU064 | C17: =VLOOKUP(B17,unidad,2) -> Liviano | D17: =VLOOKUP(B17,unidad,3) -> FIAT | E17: =VLOOKUP(B17,unidad,4) -> STRADA | F17: =VLOOKUP(B17,unidad,5) -> AH210SR | H17: Base | J17: Base | N17: 0 | O17: =VLOOKUP(N17,estado,3) -> Seleccione Estado
A18: =+A17+1 -> 14 | B18: GDU000 | C18: =VLOOKUP(B18,unidad,2) -> Selecciona Equipo | D18: =VLOOKUP(B18,unidad,3) -> 0 | E18: =VLOOKUP(B18,unidad,4) -> 0 | F18: =VLOOKUP(B18,unidad,5) -> 0 | H18: Base | J18: Base | N18: 0 | O18: =VLOOKUP(N18,estado,3) -> Seleccione Estado
A19: =+A18+1 -> 15 | B19: GDU000 | C19: =VLOOKUP(B19,unidad,2) -> Selecciona Equipo | D19: =VLOOKUP(B19,unidad,3) -> 0 | E19: =VLOOKUP(B19,unidad,4) -> 0 | F19: =VLOOKUP(B19,unidad,5) -> 0 | H19: Base | J19: Base | N19: 0 | O19: =VLOOKUP(N19,estado,3) -> Seleccione Estado
A20: =+A19+1 -> 16 | B20: GDU000 | C20: =VLOOKUP(B20,unidad,2) -> Selecciona Equipo | D20: =VLOOKUP(B20,unidad,3) -> 0 | E20: =VLOOKUP(B20,unidad,4) -> 0 | F20: =VLOOKUP(B20,unidad,5) -> 0 | H20: Base | J20: Base | N20: 0 | O20: =VLOOKUP(N20,estado,3) -> Seleccione Estado

Sheet Dia (21)
B1: Asignacion y uso de Vehiculos Livianos
B2: FECHA | D2: ='Dia (1)'!D2+_xlfn.SHEET()-1 -> 46286
H3: Salida | J3: Llegada
B4: Interno | D4: Tipo | E4: Marca | F4: Modelo | G4: Personal Asignado | H4: Lugar | I4: Horario | J4: Lugar | K4: Horario | L4: Uso | M4: Observaciones | N4: Estado
A5: 1 | B5: GDU001 | C5: =VLOOKUP(B5,unidad,2) -> Liviano | D5: =VLOOKUP(B5,unidad,3) -> FIAT | E5: =VLOOKUP(B5,unidad,4) -> UNO | F5: =VLOOKUP(B5,unidad,5) -> EYI 197 | H5: Base | J5: Base | N5: 0 | O5: =VLOOKUP(N5,estado,3) -> Seleccione Estado
A6: =+A5+1 -> 2 | B6: GDU002 | C6: =VLOOKUP(B6,unidad,2) -> Liviano | D6: =VLOOKUP(B6,unidad,3) -> FIAT | E6: =VLOOKUP(B6,unidad,4) -> UNO | F6: =VLOOKUP(B6,unidad,5) -> ODQ 087 | H6: Base | J6: Base | N6: 0 | O6: =VLOOKUP(N6,estado,3) -> Seleccione Estado
A7: =+A6+1 -> 3 | B7: GDU011 | C7: =VLOOKUP(B7,unidad,2) -> Liviano | D7: =VLOOKUP(B7,unidad,3) -> CHEVROLET | E7: =VLOOKUP(B7,unidad,4) -> CELTA | F7: =VLOOKUP(B7,unidad,5) -> MEE 670 | H7: Base | J7: Base | N7: 0 | O7: =VLOOKUP(N7,estado,3) -> Seleccione Estado
A8: =+A7+1 -> 4 | B8: GDU053 | C8: =VLOOKUP(B8,unidad,2) -> Liviano | D8: =VLOOKUP(B8,unidad,3) -> FIAT | E8: =VLOOKUP(B8,unidad,4) -> FIORINO | F8: =VLOOKUP(B8,unidad,5) -> MHX 920 | H8: Base | J8: Base | N8: 0 | O8: =VLOOKUP(N8,estado,3) -> Seleccione Estado
A9: =+A8+1 -> 5 | B9: GDU061 | C9: =VLOOKUP(B9,unidad,2) -> Liviano | D9: =VLOOKUP(B9,unidad,3) -> RENAULT | E9: =VLOOKUP(B9,unidad,4) -> KANGOO | F9: =VLOOKUP(B9,unidad,5) -> AF 677 IV | H9: Base | J9: Base | N9: 0 | O9: =VLOOKUP(N9,estado,3) -> Seleccione Estado
A10: =+A9+1 -> 6 | B10: GDU055 | C10: =VLOOKUP(B10,unidad,2) -> Liviano | D10: =VLOOKUP(B10,unidad,3) -> VOLKSWAGEN | E10: =VLOOKUP(B10,unidad,4) -> AMAROK | F10: =VLOOKUP(B10,unidad,5) -> OGZ 054 | H10: Base | J10: Base | N10: 0 | O10: =VLOOKUP(N10,estado,3) -> Seleccione Estado
A11: =+A10+1 -> 7 | B11: GDU056 | C11: =VLOOKUP(B11,unidad,2) -> Liviano | D11: =VLOOKUP(B11,unidad,3) -> VOLKSWAGEN | E11: =VLOOKUP(B11,unidad,4) -> AMAROK | F11: =VLOOKUP(B11,unidad,5) -> AA 087 LA | H11: Base | J11: Base | N11: 0 | O11: =VLOOKUP(N11,estado,3) -> Seleccione Estado
A12: =+A11+1 -> 8 | B12: GDU057 | C12: =VLOOKUP(B12,unidad,2) -> Liviano | D12: =VLOOKUP(B12,unidad,3) -> VOLKSWAGEN | E12: =VLOOKUP(B12,unidad,4) -> AMAROK | F12: =VLOOKUP(B12,unidad,5) -> NZF 438 | H12: Base | J12: Base | N12: 0 | O12: =VLOOKUP(N12,estado,3) -> Seleccione Estado
A13: =+A12+1 -> 9 | B13: GDU064 | C13: =VLOOKUP(B13,unidad,2) -> Liviano | D13: =VLOOKUP(B13,unidad,3) -> FIAT | E13: =VLOOKUP(B13,unidad,4) -> STRADA | F13: =VLOOKUP(B13,unidad,5) -> AH210SR | H13: Base | J13: Base | N13: 0 | O13: =VLOOKUP(N13,estado,3) -> Seleccione Estado
A14: =+A13+1 -> 10 | B14: GDU065 | C14: =VLOOKUP(B14,unidad,2) -> Liviano | D14: =VLOOKUP(B14,unidad,3) -> FIAT | E14: =VLOOKUP(B14,unidad,4) -> FIORINO | F14: =VLOOKUP(B14,unidad,5) -> AH255OH | H14: Base | J14: Base | N14: 0 | O14: =VLOOKUP(N14,estado,3) -> Seleccione Estado
A15: =+A14+1 -> 11 | B15: GDU063 | C15: =VLOOKUP(B15,unidad,2) -> Liviano | D15: =VLOOKUP(B15,unidad,3) -> TOYOTA | E15: =VLOOKUP(B15,unidad,4) -> HILUX | F15: =VLOOKUP(B15,unidad,5) -> AD761JW | H15: Base | J15: Base | N15: 0 | O15: =VLOOKUP(N15,estado,3) -> Seleccione Estado
A16: =+A15+1 -> 12 | B16: GDU061 | C16: =VLOOKUP(B16,unidad,2) -> Liviano | D16: RENAULT | E16: KANGOO | F16: AF677IV | H16: Base | J16: Base | N16: 0 | O16: =VLOOKUP(N16,estado,3) -> Seleccione Estado
A17: =+A16+1 -> 13 | B17: GDU064 | C17: =VLOOKUP(B17,unidad,2) -> Liviano | D17: =VLOOKUP(B17,unidad,3) -> FIAT | E17: =VLOOKUP(B17,unidad,4) -> STRADA | F17: =VLOOKUP(B17,unidad,5) -> AH210SR | H17: Base | J17: Base | N17: 0 | O17: =VLOOKUP(N17,estado,3) -> Seleccione Estado
A18: =+A17+1 -> 14 | B18: GDU000 | C18: =VLOOKUP(B18,unidad,2) -> Selecciona Equipo | D18: =VLOOKUP(B18,unidad,3) -> 0 | E18: =VLOOKUP(B18,unidad,4) -> 0 | F18: =VLOOKUP(B18,unidad,5) -> 0 | H18: Base | J18: Base | N18: 0 | O18: =VLOOKUP(N18,estado,3) -> Seleccione Estado
A19: =+A18+1 -> 15 | B19: GDU000 | C19: =VLOOKUP(B19,unidad,2) -> Selecciona Equipo | D19: =VLOOKUP(B19,unidad,3) -> 0 | E19: =VLOOKUP(B19,unidad,4) -> 0 | F19: =VLOOKUP(B19,unidad,5) -> 0 | H19: Base | J19: Base | N19: 0 | O19: =VLOOKUP(N19,estado,3) -> Seleccione Estado
A20: =+A19+1 -> 16 | B20: GDU000 | C20: =VLOOKUP(B20,unidad,2) -> Selecciona Equipo | D20: =VLOOKUP(B20,unidad,3) -> 0 | E20: =VLOOKUP(B20,unidad,4) -> 0 | F20: =VLOOKUP(B20,unidad,5) -> 0 | H20: Base | J20: Base | N20: 0 | O20: =VLOOKUP(N20,estado,3) -> Seleccione Estado

Sheet Dia (22)
B1: Asignacion y uso de Vehiculos Livianos
B2: FECHA | D2: ='Dia (1)'!D2+_xlfn.SHEET()-1 -> 46287
H3: Salida | J3: Llegada
B4: Interno | D4: Tipo | E4: Marca | F4: Modelo | G4: Personal Asignado | H4: Lugar | I4: Horario | J4: Lugar | K4: Horario | L4: Uso | M4: Observaciones | N4: Estado
A5: 1 | B5: GDU001 | C5: =VLOOKUP(B5,unidad,2) -> Liviano | D5: =VLOOKUP(B5,unidad,3) -> FIAT | E5: =VLOOKUP(B5,unidad,4) -> UNO | F5: =VLOOKUP(B5,unidad,5) -> EYI 197 | H5: Base | J5: Base | N5: 0 | O5: =VLOOKUP(N5,estado,3) -> Seleccione Estado
A6: =+A5+1 -> 2 | B6: GDU002 | C6: =VLOOKUP(B6,unidad,2) -> Liviano | D6: =VLOOKUP(B6,unidad,3) -> FIAT | E6: =VLOOKUP(B6,unidad,4) -> UNO | F6: =VLOOKUP(B6,unidad,5) -> ODQ 087 | H6: Base | J6: Base | N6: 0 | O6: =VLOOKUP(N6,estado,3) -> Seleccione Estado
A7: =+A6+1 -> 3 | B7: GDU011 | C7: =VLOOKUP(B7,unidad,2) -> Liviano | D7: =VLOOKUP(B7,unidad,3) -> CHEVROLET | E7: =VLOOKUP(B7,unidad,4) -> CELTA | F7: =VLOOKUP(B7,unidad,5) -> MEE 670 | H7: Base | J7: Base | N7: 0 | O7: =VLOOKUP(N7,estado,3) -> Seleccione Estado
A8: =+A7+1 -> 4 | B8: GDU053 | C8: =VLOOKUP(B8,unidad,2) -> Liviano | D8: =VLOOKUP(B8,unidad,3) -> FIAT | E8: =VLOOKUP(B8,unidad,4) -> FIORINO | F8: =VLOOKUP(B8,unidad,5) -> MHX 920 | H8: Base | J8: Base | N8: 0 | O8: =VLOOKUP(N8,estado,3) -> Seleccione Estado
A9: =+A8+1 -> 5 | B9: GDU061 | C9: =VLOOKUP(B9,unidad,2) -> Liviano | D9: =VLOOKUP(B9,unidad,3) -> RENAULT | E9: =VLOOKUP(B9,unidad,4) -> KANGOO | F9: =VLOOKUP(B9,unidad,5) -> AF 677 IV | H9: Base | J9: Base | N9: 0 | O9: =VLOOKUP(N9,estado,3) -> Seleccione Estado
A10: =+A9+1 -> 6 | B10: GDU055 | C10: =VLOOKUP(B10,unidad,2) -> Liviano | D10: =VLOOKUP(B10,unidad,3) -> VOLKSWAGEN | E10: =VLOOKUP(B10,unidad,4) -> AMAROK | F10: =VLOOKUP(B10,unidad,5) -> OGZ 054 | H10: Base | J10: Base | N10: 0 | O10: =VLOOKUP(N10,estado,3) -> Seleccione Estado
A11: =+A10+1 -> 7 | B11: GDU056 | C11: =VLOOKUP(B11,unidad,2) -> Liviano | D11: =VLOOKUP(B11,unidad,3) -> VOLKSWAGEN | E11: =VLOOKUP(B11,unidad,4) -> AMAROK | F11: =VLOOKUP(B11,unidad,5) -> AA 087 LA | H11: Base | J11: Base | N11: 0 | O11: =VLOOKUP(N11,estado,3) -> Seleccione Estado
A12: =+A11+1 -> 8 | B12: GDU057 | C12: =VLOOKUP(B12,unidad,2) -> Liviano | D12: =VLOOKUP(B12,unidad,3) -> VOLKSWAGEN | E12: =VLOOKUP(B12,unidad,4) -> AMAROK | F12: =VLOOKUP(B12,unidad,5) -> NZF 438 | H12: Base | J12: Base | N12: 0 | O12: =VLOOKUP(N12,estado,3) -> Seleccione Estado
A13: =+A12+1 -> 9 | B13: GDU064 | C13: =VLOOKUP(B13,unidad,2) -> Liviano | D13: =VLOOKUP(B13,unidad,3) -> FIAT | E13: =VLOOKUP(B13,unidad,4) -> STRADA | F13: =VLOOKUP(B13,unidad,5) -> AH210SR | H13: Base | J13: Base | N13: 0 | O13: =VLOOKUP(N13,estado,3) -> Seleccione Estado
A14: =+A13+1 -> 10 | B14: GDU065 | C14: =VLOOKUP(B14,unidad,2) -> Liviano | D14: =VLOOKUP(B14,unidad,3) -> FIAT | E14: =VLOOKUP(B14,unidad,4) -> FIORINO | F14: =VLOOKUP(B14,unidad,5) -> AH255OH | H14: Base | J14: Base | N14: 0 | O14: =VLOOKUP(N14,estado,3) -> Seleccione Estado
A15: =+A14+1 -> 11 | B15: GDU063 | C15: =VLOOKUP(B15,unidad,2) -> Liviano | D15: =VLOOKUP(B15,unidad,3) -> TOYOTA | E15: =VLOOKUP(B15,unidad,4) -> HILUX | F15: =VLOOKUP(B15,unidad,5) -> AD761JW | H15: Base | J15: Base | N15: 0 | O15: =VLOOKUP(N15,estado,3) -> Seleccione Estado
A16: =+A15+1 -> 12 | B16: GDU061 | C16: =VLOOKUP(B16,unidad,2) -> Liviano | D16: RENAULT | E16: KANGOO | F16: AF677IV | H16: Base | J16: Base | N16: 0 | O16: =VLOOKUP(N16,estado,3) -> Seleccione Estado
A17: =+A16+1 -> 13 | B17: GDU064 | C17: =VLOOKUP(B17,unidad,2) -> Liviano | D17: =VLOOKUP(B17,unidad,3) -> FIAT | E17: =VLOOKUP(B17,unidad,4) -> STRADA | F17: =VLOOKUP(B17,unidad,5) -> AH210SR | H17: Base | J17: Base | N17: 0 | O17: =VLOOKUP(N17,estado,3) -> Seleccione Estado
A18: =+A17+1 -> 14 | B18: GDU000 | C18: =VLOOKUP(B18,unidad,2) -> Selecciona Equipo | D18: =VLOOKUP(B18,unidad,3) -> 0 | E18: =VLOOKUP(B18,unidad,4) -> 0 | F18: =VLOOKUP(B18,unidad,5) -> 0 | H18: Base | J18: Base | N18: 0 | O18: =VLOOKUP(N18,estado,3) -> Seleccione Estado
A19: =+A18+1 -> 15 | B19: GDU000 | C19: =VLOOKUP(B19,unidad,2) -> Selecciona Equipo | D19: =VLOOKUP(B19,unidad,3) -> 0 | E19: =VLOOKUP(B19,unidad,4) -> 0 | F19: =VLOOKUP(B19,unidad,5) -> 0 | H19: Base | J19: Base | N19: 0 | O19: =VLOOKUP(N19,estado,3) -> Seleccione Estado
A20: =+A19+1 -> 16 | B20: GDU000 | C20: =VLOOKUP(B20,unidad,2) -> Selecciona Equipo | D20: =VLOOKUP(B20,unidad,3) -> 0 | E20: =VLOOKUP(B20,unidad,4) -> 0 | F20: =VLOOKUP(B20,unidad,5) -> 0 | H20: Base | J20: Base | N20: 0 | O20: =VLOOKUP(N20,estado,3) -> Seleccione Estado

Sheet Dia (23)
B1: Asignacion y uso de Vehiculos Livianos
B2: FECHA | D2: ='Dia (1)'!D2+_xlfn.SHEET()-1 -> 46288
H3: Salida | J3: Llegada
B4: Interno | D4: Tipo | E4: Marca | F4: Modelo | G4: Personal Asignado | H4: Lugar | I4: Horario | J4: Lugar | K4: Horario | L4: Uso | M4: Observaciones | N4: Estado
A5: 1 | B5: GDU001 | C5: =VLOOKUP(B5,unidad,2) -> Liviano | D5: =VLOOKUP(B5,unidad,3) -> FIAT | E5: =VLOOKUP(B5,unidad,4) -> UNO | F5: =VLOOKUP(B5,unidad,5) -> EYI 197 | H5: Base | J5: Base | N5: 0 | O5: =VLOOKUP(N5,estado,3) -> Seleccione Estado
A6: =+A5+1 -> 2 | B6: GDU002 | C6: =VLOOKUP(B6,unidad,2) -> Liviano | D6: =VLOOKUP(B6,unidad,3) -> FIAT | E6: =VLOOKUP(B6,unidad,4) -> UNO | F6: =VLOOKUP(B6,unidad,5) -> ODQ 087 | H6: Base | J6: Base | N6: 0 | O6: =VLOOKUP(N6,estado,3) -> Seleccione Estado
A7: =+A6+1 -> 3 | B7: GDU011 | C7: =VLOOKUP(B7,unidad,2) -> Liviano | D7: =VLOOKUP(B7,unidad,3) -> CHEVROLET | E7: =VLOOKUP(B7,unidad,4) -> CELTA | F7: =VLOOKUP(B7,unidad,5) -> MEE 670 | H7: Base | J7: Base | N7: 0 | O7: =VLOOKUP(N7,estado,3) -> Seleccione Estado
A8: =+A7+1 -> 4 | B8: GDU053 | C8: =VLOOKUP(B8,unidad,2) -> Liviano | D8: =VLOOKUP(B8,unidad,3) -> FIAT | E8: =VLOOKUP(B8,unidad,4) -> FIORINO | F8: =VLOOKUP(B8,unidad,5) -> MHX 920 | H8: Base | J8: Base | N8: 0 | O8: =VLOOKUP(N8,estado,3) -> Seleccione Estado
A9: =+A8+1 -> 5 | B9: GDU061 | C9: =VLOOKUP(B9,unidad,2) -> Liviano | D9: =VLOOKUP(B9,unidad,3) -> RENAULT | E9: =VLOOKUP(B9,unidad,4) -> KANGOO | F9: =VLOOKUP(B9,unidad,5) -> AF 677 IV | H9: Base | J9: Base | N9: 0 | O9: =VLOOKUP(N9,estado,3) -> Seleccione Estado
A10: =+A9+1 -> 6 | B10: GDU055 | C10: =VLOOKUP(B10,unidad,2) -> Liviano | D10: =VLOOKUP(B10,unidad,3) -> VOLKSWAGEN | E10: =VLOOKUP(B10,unidad,4) -> AMAROK | F10: =VLOOKUP(B10,unidad,5) -> OGZ 054 | H10: Base | J10: Base | N10: 0 | O10: =VLOOKUP(N10,estado,3) -> Seleccione Estado
A11: =+A10+1 -> 7 | B11: GDU056 | C11: =VLOOKUP(B11,unidad,2) -> Liviano | D11: =VLOOKUP(B11,unidad,3) -> VOLKSWAGEN | E11: =VLOOKUP(B11,unidad,4) -> AMAROK | F11: =VLOOKUP(B11,unidad,5) -> AA 087 LA | H11: Base | J11: Base | N11: 0 | O11: =VLOOKUP(N11,estado,3) -> Seleccione Estado
A12: =+A11+1 -> 8 | B12: GDU057 | C12: =VLOOKUP(B12,unidad,2) -> Liviano | D12: =VLOOKUP(B12,unidad,3) -> VOLKSWAGEN | E12: =VLOOKUP(B12,unidad,4) -> AMAROK | F12: =VLOOKUP(B12,unidad,5) -> NZF 438 | H12: Base | J12: Base | N12: 0 | O12: =VLOOKUP(N12,estado,3) -> Seleccione Estado
A13: =+A12+1 -> 9 | B13: GDU064 | C13: =VLOOKUP(B13,unidad,2) -> Liviano | D13: =VLOOKUP(B13,unidad,3) -> FIAT | E13: =VLOOKUP(B13,unidad,4) -> STRADA | F13: =VLOOKUP(B13,unidad,5) -> AH210SR | H13: Base | J13: Base | N13: 0 | O13: =VLOOKUP(N13,estado,3) -> Seleccione Estado
A14: =+A13+1 -> 10 | B14: GDU065 | C14: =VLOOKUP(B14,unidad,2) -> Liviano | D14: =VLOOKUP(B14,unidad,3) -> FIAT | E14: =VLOOKUP(B14,unidad,4) -> FIORINO | F14: =VLOOKUP(B14,unidad,5) -> AH255OH | H14: Base | J14: Base | N14: 0 | O14: =VLOOKUP(N14,estado,3) -> Seleccione Estado
A15: =+A14+1 -> 11 | B15: GDU063 | C15: =VLOOKUP(B15,unidad,2) -> Liviano | D15: =VLOOKUP(B15,unidad,3) -> TOYOTA | E15: =VLOOKUP(B15,unidad,4) -> HILUX | F15: =VLOOKUP(B15,unidad,5) -> AD761JW | H15: Base | J15: Base | N15: 0 | O15: =VLOOKUP(N15,estado,3) -> Seleccione Estado
A16: =+A15+1 -> 12 | B16: GDU061 | C16: =VLOOKUP(B16,unidad,2) -> Liviano | D16: RENAULT | E16: KANGOO | F16: AF677IV | H16: Base | J16: Base | N16: 0 | O16: =VLOOKUP(N16,estado,3) -> Seleccione Estado
A17: =+A16+1 -> 13 | B17: GDU064 | C17: =VLOOKUP(B17,unidad,2) -> Liviano | D17: =VLOOKUP(B17,unidad,3) -> FIAT | E17: =VLOOKUP(B17,unidad,4) -> STRADA | F17: =VLOOKUP(B17,unidad,5) -> AH210SR | H17: Base | J17: Base | N17: 0 | O17: =VLOOKUP(N17,estado,3) -> Seleccione Estado
A18: =+A17+1 -> 14 | B18: GDU000 | C18: =VLOOKUP(B18,unidad,2) -> Selecciona Equipo | D18: =VLOOKUP(B18,unidad,3) -> 0 | E18: =VLOOKUP(B18,unidad,4) -> 0 | F18: =VLOOKUP(B18,unidad,5) -> 0 | H18: Base | J18: Base | N18: 0 | O18: =VLOOKUP(N18,estado,3) -> Seleccione Estado
A19: =+A18+1 -> 15 | B19: GDU000 | C19: =VLOOKUP(B19,unidad,2) -> Selecciona Equipo | D19: =VLOOKUP(B19,unidad,3) -> 0 | E19: =VLOOKUP(B19,unidad,4) -> 0 | F19: =VLOOKUP(B19,unidad,5) -> 0 | H19: Base | J19: Base | N19: 0 | O19: =VLOOKUP(N19,estado,3) -> Seleccione Estado
A20: =+A19+1 -> 16 | B20: GDU000 | C20: =VLOOKUP(B20,unidad,2) -> Selecciona Equipo | D20: =VLOOKUP(B20,unidad,3) -> 0 | E20: =VLOOKUP(B20,unidad,4) -> 0 | F20: =VLOOKUP(B20,unidad,5) -> 0 | H20: Base | J20: Base | N20: 0 | O20: =VLOOKUP(N20,estado,3) -> Seleccione Estado

Sheet Dia (24)
B1: Asignacion y uso de Vehiculos Livianos
B2: FECHA | D2: ='Dia (1)'!D2+_xlfn.SHEET()-1 -> 46289
H3: Salida | J3: Llegada
B4: Interno | D4: Tipo | E4: Marca | F4: Modelo | G4: Personal Asignado | H4: Lugar | I4: Horario | J4: Lugar | K4: Horario | L4: Uso | M4: Observaciones | N4: Estado
A5: 1 | B5: GDU001 | C5: =VLOOKUP(B5,unidad,2) -> Liviano | D5: =VLOOKUP(B5,unidad,3) -> FIAT | E5: =VLOOKUP(B5,unidad,4) -> UNO | F5: =VLOOKUP(B5,unidad,5) -> EYI 197 | H5: Base | J5: Base | N5: 0 | O5: =VLOOKUP(N5,estado,3) -> Seleccione Estado
A6: =+A5+1 -> 2 | B6: GDU002 | C6: =VLOOKUP(B6,unidad,2) -> Liviano | D6: =VLOOKUP(B6,unidad,3) -> FIAT | E6: =VLOOKUP(B6,unidad,4) -> UNO | F6: =VLOOKUP(B6,unidad,5) -> ODQ 087 | H6: Base | J6: Base | N6: 0 | O6: =VLOOKUP(N6,estado,3) -> Seleccione Estado
A7: =+A6+1 -> 3 | B7: GDU011 | C7: =VLOOKUP(B7,unidad,2) -> Liviano | D7: =VLOOKUP(B7,unidad,3) -> CHEVROLET | E7: =VLOOKUP(B7,unidad,4) -> CELTA | F7: =VLOOKUP(B7,unidad,5) -> MEE 670 | H7: Base | J7: Base | N7: 0 | O7: =VLOOKUP(N7,estado,3) -> Seleccione Estado
A8: =+A7+1 -> 4 | B8: GDU053 | C8: =VLOOKUP(B8,unidad,2) -> Liviano | D8: =VLOOKUP(B8,unidad,3) -> FIAT | E8: =VLOOKUP(B8,unidad,4) -> FIORINO | F8: =VLOOKUP(B8,unidad,5) -> MHX 920 | H8: Base | J8: Base | N8: 0 | O8: =VLOOKUP(N8,estado,3) -> Seleccione Estado
A9: =+A8+1 -> 5 | B9: GDU061 | C9: =VLOOKUP(B9,unidad,2) -> Liviano | D9: =VLOOKUP(B9,unidad,3) -> RENAULT | E9: =VLOOKUP(B9,unidad,4) -> KANGOO | F9: =VLOOKUP(B9,unidad,5) -> AF 677 IV | H9: Base | J9: Base | N9: 0 | O9: =VLOOKUP(N9,estado,3) -> Seleccione Estado
A10: =+A9+1 -> 6 | B10: GDU055 | C10: =VLOOKUP(B10,unidad,2) -> Liviano | D10: =VLOOKUP(B10,unidad,3) -> VOLKSWAGEN | E10: =VLOOKUP(B10,unidad,4) -> AMAROK | F10: =VLOOKUP(B10,unidad,5) -> OGZ 054 | H10: Base | J10: Base | N10: 0 | O10: =VLOOKUP(N10,estado,3) -> Seleccione Estado
A11: =+A10+1 -> 7 | B11: GDU056 | C11: =VLOOKUP(B11,unidad,2) -> Liviano | D11: =VLOOKUP(B11,unidad,3) -> VOLKSWAGEN | E11: =VLOOKUP(B11,unidad,4) -> AMAROK | F11: =VLOOKUP(B11,unidad,5) -> AA 087 LA | H11: Base | J11: Base | N11: 0 | O11: =VLOOKUP(N11,estado,3) -> Seleccione Estado
A12: =+A11+1 -> 8 | B12: GDU057 | C12: =VLOOKUP(B12,unidad,2) -> Liviano | D12: =VLOOKUP(B12,unidad,3) -> VOLKSWAGEN | E12: =VLOOKUP(B12,unidad,4) -> AMAROK | F12: =VLOOKUP(B12,unidad,5) -> NZF 438 | H12: Base | J12: Base | N12: 0 | O12: =VLOOKUP(N12,estado,3) -> Seleccione Estado
A13: =+A12+1 -> 9 | B13: GDU064 | C13: =VLOOKUP(B13,unidad,2) -> Liviano | D13: =VLOOKUP(B13,unidad,3) -> FIAT | E13: =VLOOKUP(B13,unidad,4) -> STRADA | F13: =VLOOKUP(B13,unidad,5) -> AH210SR | H13: Base | J13: Base | N13: 0 | O13: =VLOOKUP(N13,estado,3) -> Seleccione Estado
A14: =+A13+1 -> 10 | B14: GDU065 | C14: =VLOOKUP(B14,unidad,2) -> Liviano | D14: =VLOOKUP(B14,unidad,3) -> FIAT | E14: =VLOOKUP(B14,unidad,4) -> FIORINO | F14: =VLOOKUP(B14,unidad,5) -> AH255OH | H14: Base | J14: Base | N14: 0 | O14: =VLOOKUP(N14,estado,3) -> Seleccione Estado
A15: =+A14+1 -> 11 | B15: GDU063 | C15: =VLOOKUP(B15,unidad,2) -> Liviano | D15: =VLOOKUP(B15,unidad,3) -> TOYOTA | E15: =VLOOKUP(B15,unidad,4) -> HILUX | F15: =VLOOKUP(B15,unidad,5) -> AD761JW | H15: Base | J15: Base | N15: 0 | O15: =VLOOKUP(N15,estado,3) -> Seleccione Estado
A16: =+A15+1 -> 12 | B16: GDU061 | C16: =VLOOKUP(B16,unidad,2) -> Liviano | D16: RENAULT | E16: KANGOO | F16: AF677IV | H16: Base | J16: Base | N16: 0 | O16: =VLOOKUP(N16,estado,3) -> Seleccione Estado
A17: =+A16+1 -> 13 | B17: GDU064 | C17: =VLOOKUP(B17,unidad,2) -> Liviano | D17: =VLOOKUP(B17,unidad,3) -> FIAT | E17: =VLOOKUP(B17,unidad,4) -> STRADA | F17: =VLOOKUP(B17,unidad,5) -> AH210SR | H17: Base | J17: Base | N17: 0 | O17: =VLOOKUP(N17,estado,3) -> Seleccione Estado
A18: =+A17+1 -> 14 | B18: GDU000 | C18: =VLOOKUP(B18,unidad,2) -> Selecciona Equipo | D18: =VLOOKUP(B18,unidad,3) -> 0 | E18: =VLOOKUP(B18,unidad,4) -> 0 | F18: =VLOOKUP(B18,unidad,5) -> 0 | H18: Base | J18: Base | N18: 0 | O18: =VLOOKUP(N18,estado,3) -> Seleccione Estado
A19: =+A18+1 -> 15 | B19: GDU000 | C19: =VLOOKUP(B19,unidad,2) -> Selecciona Equipo | D19: =VLOOKUP(B19,unidad,3) -> 0 | E19: =VLOOKUP(B19,unidad,4) -> 0 | F19: =VLOOKUP(B19,unidad,5) -> 0 | H19: Base | J19: Base | N19: 0 | O19: =VLOOKUP(N19,estado,3) -> Seleccione Estado
A20: =+A19+1 -> 16 | B20: GDU000 | C20: =VLOOKUP(B20,unidad,2) -> Selecciona Equipo | D20: =VLOOKUP(B20,unidad,3) -> 0 | E20: =VLOOKUP(B20,unidad,4) -> 0 | F20: =VLOOKUP(B20,unidad,5) -> 0 | H20: Base | J20: Base | N20: 0 | O20: =VLOOKUP(N20,estado,3) -> Seleccione Estado

Sheet Dia (25)
B1: Asignacion y uso de Vehiculos Livianos
B2: FECHA | D2: ='Dia (1)'!D2+_xlfn.SHEET()-1 -> 46290
H3: Salida | J3: Llegada
B4: Interno | D4: Tipo | E4: Marca | F4: Modelo | G4: Personal Asignado | H4: Lugar | I4: Horario | J4: Lugar | K4: Horario | L4: Uso | M4: Observaciones | N4: Estado
A5: 1 | B5: GDU001 | C5: =VLOOKUP(B5,unidad,2) -> Liviano | D5: =VLOOKUP(B5,unidad,3) -> FIAT | E5: =VLOOKUP(B5,unidad,4) -> UNO | F5: =VLOOKUP(B5,unidad,5) -> EYI 197 | H5: Base | J5: Base | N5: 0 | O5: =VLOOKUP(N5,estado,3) -> Seleccione Estado
A6: =+A5+1 -> 2 | B6: GDU002 | C6: =VLOOKUP(B6,unidad,2) -> Liviano | D6: =VLOOKUP(B6,unidad,3) -> FIAT | E6: =VLOOKUP(B6,unidad,4) -> UNO | F6: =VLOOKUP(B6,unidad,5) -> ODQ 087 | H6: Base | J6: Base | N6: 0 | O6: =VLOOKUP(N6,estado,3) -> Seleccione Estado
A7: =+A6+1 -> 3 | B7: GDU011 | C7: =VLOOKUP(B7,unidad,2) -> Liviano | D7: =VLOOKUP(B7,unidad,3) -> CHEVROLET | E7: =VLOOKUP(B7,unidad,4) -> CELTA | F7: =VLOOKUP(B7,unidad,5) -> MEE 670 | H7: Base | J7: Base | N7: 0 | O7: =VLOOKUP(N7,estado,3) -> Seleccione Estado
A8: =+A7+1 -> 4 | B8: GDU053 | C8: =VLOOKUP(B8,unidad,2) -> Liviano | D8: =VLOOKUP(B8,unidad,3) -> FIAT | E8: =VLOOKUP(B8,unidad,4) -> FIORINO | F8: =VLOOKUP(B8,unidad,5) -> MHX 920 | H8: Base | J8: Base | N8: 0 | O8: =VLOOKUP(N8,estado,3) -> Seleccione Estado
A9: =+A8+1 -> 5 | B9: GDU061 | C9: =VLOOKUP(B9,unidad,2) -> Liviano | D9: =VLOOKUP(B9,unidad,3) -> RENAULT | E9: =VLOOKUP(B9,unidad,4) -> KANGOO | F9: =VLOOKUP(B9,unidad,5) -> AF 677 IV | H9: Base | J9: Base | N9: 0 | O9: =VLOOKUP(N9,estado,3) -> Seleccione Estado
A10: =+A9+1 -> 6 | B10: GDU055 | C10: =VLOOKUP(B10,unidad,2) -> Liviano | D10: =VLOOKUP(B10,unidad,3) -> VOLKSWAGEN | E10: =VLOOKUP(B10,unidad,4) -> AMAROK | F10: =VLOOKUP(B10,unidad,5) -> OGZ 054 | H10: Base | J10: Base | N10: 0 | O10: =VLOOKUP(N10,estado,3) -> Seleccione Estado
A11: =+A10+1 -> 7 | B11: GDU056 | C11: =VLOOKUP(B11,unidad,2) -> Liviano | D11: =VLOOKUP(B11,unidad,3) -> VOLKSWAGEN | E11: =VLOOKUP(B11,unidad,4) -> AMAROK | F11: =VLOOKUP(B11,unidad,5) -> AA 087 LA | H11: Base | J11: Base | N11: 0 | O11: =VLOOKUP(N11,estado,3) -> Seleccione Estado
A12: =+A11+1 -> 8 | B12: GDU057 | C12: =VLOOKUP(B12,unidad,2) -> Liviano | D12: =VLOOKUP(B12,unidad,3) -> VOLKSWAGEN | E12: =VLOOKUP(B12,unidad,4) -> AMAROK | F12: =VLOOKUP(B12,unidad,5) -> NZF 438 | H12: Base | J12: Base | N12: 0 | O12: =VLOOKUP(N12,estado,3) -> Seleccione Estado
A13: =+A12+1 -> 9 | B13: GDU064 | C13: =VLOOKUP(B13,unidad,2) -> Liviano | D13: =VLOOKUP(B13,unidad,3) -> FIAT | E13: =VLOOKUP(B13,unidad,4) -> STRADA | F13: =VLOOKUP(B13,unidad,5) -> AH210SR | H13: Base | J13: Base | N13: 0 | O13: =VLOOKUP(N13,estado,3) -> Seleccione Estado
A14: =+A13+1 -> 10 | B14: GDU065 | C14: =VLOOKUP(B14,unidad,2) -> Liviano | D14: =VLOOKUP(B14,unidad,3) -> FIAT | E14: =VLOOKUP(B14,unidad,4) -> FIORINO | F14: =VLOOKUP(B14,unidad,5) -> AH255OH | H14: Base | J14: Base | N14: 0 | O14: =VLOOKUP(N14,estado,3) -> Seleccione Estado
A15: =+A14+1 -> 11 | B15: GDU063 | C15: =VLOOKUP(B15,unidad,2) -> Liviano | D15: =VLOOKUP(B15,unidad,3) -> TOYOTA | E15: =VLOOKUP(B15,unidad,4) -> HILUX | F15: =VLOOKUP(B15,unidad,5) -> AD761JW | H15: Base | J15: Base | N15: 0 | O15: =VLOOKUP(N15,estado,3) -> Seleccione Estado
A16: =+A15+1 -> 12 | B16: GDU061 | C16: =VLOOKUP(B16,unidad,2) -> Liviano | D16: RENAULT | E16: KANGOO | F16: AF677IV | H16: Base | J16: Base | N16: 0 | O16: =VLOOKUP(N16,estado,3) -> Seleccione Estado
A17: =+A16+1 -> 13 | B17: GDU064 | C17: =VLOOKUP(B17,unidad,2) -> Liviano | D17: =VLOOKUP(B17,unidad,3) -> FIAT | E17: =VLOOKUP(B17,unidad,4) -> STRADA | F17: =VLOOKUP(B17,unidad,5) -> AH210SR | H17: Base | J17: Base | N17: 0 | O17: =VLOOKUP(N17,estado,3) -> Seleccione Estado
A18: =+A17+1 -> 14 | B18: GDU000 | C18: =VLOOKUP(B18,unidad,2) -> Selecciona Equipo | D18: =VLOOKUP(B18,unidad,3) -> 0 | E18: =VLOOKUP(B18,unidad,4) -> 0 | F18: =VLOOKUP(B18,unidad,5) -> 0 | H18: Base | J18: Base | N18: 0 | O18: =VLOOKUP(N18,estado,3) -> Seleccione Estado
A19: =+A18+1 -> 15 | B19: GDU000 | C19: =VLOOKUP(B19,unidad,2) -> Selecciona Equipo | D19: =VLOOKUP(B19,unidad,3) -> 0 | E19: =VLOOKUP(B19,unidad,4) -> 0 | F19: =VLOOKUP(B19,unidad,5) -> 0 | H19: Base | J19: Base | N19: 0 | O19: =VLOOKUP(N19,estado,3) -> Seleccione Estado
A20: =+A19+1 -> 16 | B20: GDU000 | C20: =VLOOKUP(B20,unidad,2) -> Selecciona Equipo | D20: =VLOOKUP(B20,unidad,3) -> 0 | E20: =VLOOKUP(B20,unidad,4) -> 0 | F20: =VLOOKUP(B20,unidad,5) -> 0 | H20: Base | J20: Base | N20: 0 | O20: =VLOOKUP(N20,estado,3) -> Seleccione Estado

Sheet Dia (26)
B1: Asignacion y uso de Vehiculos Livianos
B2: FECHA | D2: ='Dia (1)'!D2+_xlfn.SHEET()-1 -> 46291
H3: Salida | J3: Llegada
B4: Interno | D4: Tipo | E4: Marca | F4: Modelo | G4: Personal Asignado | H4: Lugar | I4: Horario | J4: Lugar | K4: Horario | L4: Uso | M4: Observaciones | N4: Estado
A5: 1 | B5: GDU001 | C5: =VLOOKUP(B5,unidad,2) -> Liviano | D5: =VLOOKUP(B5,unidad,3) -> FIAT | E5: =VLOOKUP(B5,unidad,4) -> UNO | F5: =VLOOKUP(B5,unidad,5) -> EYI 197 | H5: Base | J5: Base | N5: 0 | O5: =VLOOKUP(N5,estado,3) -> Seleccione Estado
A6: =+A5+1 -> 2 | B6: GDU002 | C6: =VLOOKUP(B6,unidad,2) -> Liviano | D6: =VLOOKUP(B6,unidad,3) -> FIAT | E6: =VLOOKUP(B6,unidad,4) -> UNO | F6: =VLOOKUP(B6,unidad,5) -> ODQ 087 | H6: Base | J6: Base | N6: 0 | O6: =VLOOKUP(N6,estado,3) -> Seleccione Estado
A7: =+A6+1 -> 3 | B7: GDU011 | C7: =VLOOKUP(B7,unidad,2) -> Liviano | D7: =VLOOKUP(B7,unidad,3) -> CHEVROLET | E7: =VLOOKUP(B7,unidad,4) -> CELTA | F7: =VLOOKUP(B7,unidad,5) -> MEE 670 | H7: Base | J7: Base | N7: 0 | O7: =VLOOKUP(N7,estado,3) -> Seleccione Estado
A8: =+A7+1 -> 4 | B8: GDU053 | C8: =VLOOKUP(B8,unidad,2) -> Liviano | D8: =VLOOKUP(B8,unidad,3) -> FIAT | E8: =VLOOKUP(B8,unidad,4) -> FIORINO | F8: =VLOOKUP(B8,unidad,5) -> MHX 920 | H8: Base | J8: Base | N8: 0 | O8: =VLOOKUP(N8,estado,3) -> Seleccione Estado
A9: =+A8+1 -> 5 | B9: GDU061 | C9: =VLOOKUP(B9,unidad,2) -> Liviano | D9: =VLOOKUP(B9,unidad,3) -> RENAULT | E9: =VLOOKUP(B9,unidad,4) -> KANGOO | F9: =VLOOKUP(B9,unidad,5) -> AF 677 IV | H9: Base | J9: Base | N9: 0 | O9: =VLOOKUP(N9,estado,3) -> Seleccione Estado
A10: =+A9+1 -> 6 | B10: GDU055 | C10: =VLOOKUP(B10,unidad,2) -> Liviano | D10: =VLOOKUP(B10,unidad,3) -> VOLKSWAGEN | E10: =VLOOKUP(B10,unidad,4) -> AMAROK | F10: =VLOOKUP(B10,unidad,5) -> OGZ 054 | H10: Base | J10: Base | N10: 0 | O10: =VLOOKUP(N10,estado,3) -> Seleccione Estado
A11: =+A10+1 -> 7 | B11: GDU056 | C11: =VLOOKUP(B11,unidad,2) -> Liviano | D11: =VLOOKUP(B11,unidad,3) -> VOLKSWAGEN | E11: =VLOOKUP(B11,unidad,4) -> AMAROK | F11: =VLOOKUP(B11,unidad,5) -> AA 087 LA | H11: Base | J11: Base | N11: 0 | O11: =VLOOKUP(N11,estado,3) -> Seleccione Estado
A12: =+A11+1 -> 8 | B12: GDU057 | C12: =VLOOKUP(B12,unidad,2) -> Liviano | D12: =VLOOKUP(B12,unidad,3) -> VOLKSWAGEN | E12: =VLOOKUP(B12,unidad,4) -> AMAROK | F12: =VLOOKUP(B12,unidad,5) -> NZF 438 | H12: Base | J12: Base | N12: 0 | O12: =VLOOKUP(N12,estado,3) -> Seleccione Estado
A13: =+A12+1 -> 9 | B13: GDU064 | C13: =VLOOKUP(B13,unidad,2) -> Liviano | D13: =VLOOKUP(B13,unidad,3) -> FIAT | E13: =VLOOKUP(B13,unidad,4) -> STRADA | F13: =VLOOKUP(B13,unidad,5) -> AH210SR | H13: Base | J13: Base | N13: 0 | O13: =VLOOKUP(N13,estado,3) -> Seleccione Estado
A14: =+A13+1 -> 10 | B14: GDU065 | C14: =VLOOKUP(B14,unidad,2) -> Liviano | D14: =VLOOKUP(B14,unidad,3) -> FIAT | E14: =VLOOKUP(B14,unidad,4) -> FIORINO | F14: =VLOOKUP(B14,unidad,5) -> AH255OH | H14: Base | J14: Base | N14: 0 | O14: =VLOOKUP(N14,estado,3) -> Seleccione Estado
A15: =+A14+1 -> 11 | B15: GDU063 | C15: =VLOOKUP(B15,unidad,2) -> Liviano | D15: =VLOOKUP(B15,unidad,3) -> TOYOTA | E15: =VLOOKUP(B15,unidad,4) -> HILUX | F15: =VLOOKUP(B15,unidad,5) -> AD761JW | H15: Base | J15: Base | N15: 0 | O15: =VLOOKUP(N15,estado,3) -> Seleccione Estado
A16: =+A15+1 -> 12 | B16: GDU061 | C16: =VLOOKUP(B16,unidad,2) -> Liviano | D16: RENAULT | E16: KANGOO | F16: AF677IV | H16: Base | J16: Base | N16: 0 | O16: =VLOOKUP(N16,estado,3) -> Seleccione Estado
A17: =+A16+1 -> 13 | B17: GDU064 | C17: =VLOOKUP(B17,unidad,2) -> Liviano | D17: =VLOOKUP(B17,unidad,3) -> FIAT | E17: =VLOOKUP(B17,unidad,4) -> STRADA | F17: =VLOOKUP(B17,unidad,5) -> AH210SR | H17: Base | J17: Base | N17: 0 | O17: =VLOOKUP(N17,estado,3) -> Seleccione Estado
A18: =+A17+1 -> 14 | B18: GDU000 | C18: =VLOOKUP(B18,unidad,2) -> Selecciona Equipo | D18: =VLOOKUP(B18,unidad,3) -> 0 | E18: =VLOOKUP(B18,unidad,4) -> 0 | F18: =VLOOKUP(B18,unidad,5) -> 0 | H18: Base | J18: Base | N18: 0 | O18: =VLOOKUP(N18,estado,3) -> Seleccione Estado
A19: =+A18+1 -> 15 | B19: GDU000 | C19: =VLOOKUP(B19,unidad,2) -> Selecciona Equipo | D19: =VLOOKUP(B19,unidad,3) -> 0 | E19: =VLOOKUP(B19,unidad,4) -> 0 | F19: =VLOOKUP(B19,unidad,5) -> 0 | H19: Base | J19: Base | N19: 0 | O19: =VLOOKUP(N19,estado,3) -> Seleccione Estado
A20: =+A19+1 -> 16 | B20: GDU000 | C20: =VLOOKUP(B20,unidad,2) -> Selecciona Equipo | D20: =VLOOKUP(B20,unidad,3) -> 0 | E20: =VLOOKUP(B20,unidad,4) -> 0 | F20: =VLOOKUP(B20,unidad,5) -> 0 | H20: Base | J20: Base | N20: 0 | O20: =VLOOKUP(N20,estado,3) -> Seleccione Estado

Sheet Dia (27)
B1: Asignacion y uso de Vehiculos Livianos
B2: FECHA | D2: ='Dia (1)'!D2+_xlfn.SHEET()-1 -> 46292
H3: Salida | J3: Llegada
B4: Interno | D4: Tipo | E4: Marca | F4: Modelo | G4: Personal Asignado | H4: Lugar | I4: Horario | J4: Lugar | K4: Horario | L4: Uso | M4: Observaciones | N4: Estado
A5: 1 | B5: GDU001 | C5: =VLOOKUP(B5,unidad,2) -> Liviano | D5: =VLOOKUP(B5,unidad,3) -> FIAT | E5: =VLOOKUP(B5,unidad,4) -> UNO | F5: =VLOOKUP(B5,unidad,5) -> EYI 197 | H5: Base | J5: Base | N5: 0 | O5: =VLOOKUP(N5,estado,3) -> Seleccione Estado
A6: =+A5+1 -> 2 | B6: GDU002 | C6: =VLOOKUP(B6,unidad,2) -> Liviano | D6: =VLOOKUP(B6,unidad,3) -> FIAT | E6: =VLOOKUP(B6,unidad,4) -> UNO | F6: =VLOOKUP(B6,unidad,5) -> ODQ 087 | H6: Base | J6: Base | N6: 0 | O6: =VLOOKUP(N6,estado,3) -> Seleccione Estado
A7: =+A6+1 -> 3 | B7: GDU011 | C7: =VLOOKUP(B7,unidad,2) -> Liviano | D7: =VLOOKUP(B7,unidad,3) -> CHEVROLET | E7: =VLOOKUP(B7,unidad,4) -> CELTA | F7: =VLOOKUP(B7,unidad,5) -> MEE 670 | H7: Base | J7: Base | N7: 0 | O7: =VLOOKUP(N7,estado,3) -> Seleccione Estado
A8: =+A7+1 -> 4 | B8: GDU053 | C8: =VLOOKUP(B8,unidad,2) -> Liviano | D8: =VLOOKUP(B8,unidad,3) -> FIAT | E8: =VLOOKUP(B8,unidad,4) -> FIORINO | F8: =VLOOKUP(B8,unidad,5) -> MHX 920 | H8: Base | J8: Base | N8: 0 | O8: =VLOOKUP(N8,estado,3) -> Seleccione Estado
A9: =+A8+1 -> 5 | B9: GDU061 | C9: =VLOOKUP(B9,unidad,2) -> Liviano | D9: =VLOOKUP(B9,unidad,3) -> RENAULT | E9: =VLOOKUP(B9,unidad,4) -> KANGOO | F9: =VLOOKUP(B9,unidad,5) -> AF 677 IV | H9: Base | J9: Base | N9: 0 | O9: =VLOOKUP(N9,estado,3) -> Seleccione Estado
A10: =+A9+1 -> 6 | B10: GDU055 | C10: =VLOOKUP(B10,unidad,2) -> Liviano | D10: =VLOOKUP(B10,unidad,3) -> VOLKSWAGEN | E10: =VLOOKUP(B10,unidad,4) -> AMAROK | F10: =VLOOKUP(B10,unidad,5) -> OGZ 054 | H10: Base | J10: Base | N10: 0 | O10: =VLOOKUP(N10,estado,3) -> Seleccione Estado
A11: =+A10+1 -> 7 | B11: GDU056 | C11: =VLOOKUP(B11,unidad,2) -> Liviano | D11: =VLOOKUP(B11,unidad,3) -> VOLKSWAGEN | E11: =VLOOKUP(B11,unidad,4) -> AMAROK | F11: =VLOOKUP(B11,unidad,5) -> AA 087 LA | H11: Base | J11: Base | N11: 0 | O11: =VLOOKUP(N11,estado,3) -> Seleccione Estado
A12: =+A11+1 -> 8 | B12: GDU057 | C12: =VLOOKUP(B12,unidad,2) -> Liviano | D12: =VLOOKUP(B12,unidad,3) -> VOLKSWAGEN | E12: =VLOOKUP(B12,unidad,4) -> AMAROK | F12: =VLOOKUP(B12,unidad,5) -> NZF 438 | H12: Base | J12: Base | N12: 0 | O12: =VLOOKUP(N12,estado,3) -> Seleccione Estado
A13: =+A12+1 -> 9 | B13: GDU064 | C13: =VLOOKUP(B13,unidad,2) -> Liviano | D13: =VLOOKUP(B13,unidad,3) -> FIAT | E13: =VLOOKUP(B13,unidad,4) -> STRADA | F13: =VLOOKUP(B13,unidad,5) -> AH210SR | H13: Base | J13: Base | N13: 0 | O13: =VLOOKUP(N13,estado,3) -> Seleccione Estado
A14: =+A13+1 -> 10 | B14: GDU065 | C14: =VLOOKUP(B14,unidad,2) -> Liviano | D14: =VLOOKUP(B14,unidad,3) -> FIAT | E14: =VLOOKUP(B14,unidad,4) -> FIORINO | F14: =VLOOKUP(B14,unidad,5) -> AH255OH | H14: Base | J14: Base | N14: 0 | O14: =VLOOKUP(N14,estado,3) -> Seleccione Estado
A15: =+A14+1 -> 11 | B15: GDU063 | C15: =VLOOKUP(B15,unidad,2) -> Liviano | D15: =VLOOKUP(B15,unidad,3) -> TOYOTA | E15: =VLOOKUP(B15,unidad,4) -> HILUX | F15: =VLOOKUP(B15,unidad,5) -> AD761JW | H15: Base | J15: Base | N15: 0 | O15: =VLOOKUP(N15,estado,3) -> Seleccione Estado
A16: =+A15+1 -> 12 | B16: GDU061 | C16: =VLOOKUP(B16,unidad,2) -> Liviano | D16: RENAULT | E16: KANGOO | F16: AF677IV | H16: Base | J16: Base | N16: 0 | O16: =VLOOKUP(N16,estado,3) -> Seleccione Estado
A17: =+A16+1 -> 13 | B17: GDU064 | C17: =VLOOKUP(B17,unidad,2) -> Liviano | D17: =VLOOKUP(B17,unidad,3) -> FIAT | E17: =VLOOKUP(B17,unidad,4) -> STRADA | F17: =VLOOKUP(B17,unidad,5) -> AH210SR | H17: Base | J17: Base | N17: 0 | O17: =VLOOKUP(N17,estado,3) -> Seleccione Estado
A18: =+A17+1 -> 14 | B18: GDU000 | C18: =VLOOKUP(B18,unidad,2) -> Selecciona Equipo | D18: =VLOOKUP(B18,unidad,3) -> 0 | E18: =VLOOKUP(B18,unidad,4) -> 0 | F18: =VLOOKUP(B18,unidad,5) -> 0 | H18: Base | J18: Base | N18: 0 | O18: =VLOOKUP(N18,estado,3) -> Seleccione Estado
A19: =+A18+1 -> 15 | B19: GDU000 | C19: =VLOOKUP(B19,unidad,2) -> Selecciona Equipo | D19: =VLOOKUP(B19,unidad,3) -> 0 | E19: =VLOOKUP(B19,unidad,4) -> 0 | F19: =VLOOKUP(B19,unidad,5) -> 0 | H19: Base | J19: Base | N19: 0 | O19: =VLOOKUP(N19,estado,3) -> Seleccione Estado
A20: =+A19+1 -> 16 | B20: GDU000 | C20: =VLOOKUP(B20,unidad,2) -> Selecciona Equipo | D20: =VLOOKUP(B20,unidad,3) -> 0 | E20: =VLOOKUP(B20,unidad,4) -> 0 | F20: =VLOOKUP(B20,unidad,5) -> 0 | H20: Base | J20: Base | N20: 0 | O20: =VLOOKUP(N20,estado,3) -> Seleccione Estado

Sheet Dia (28)
B1: Asignacion y uso de Vehiculos Livianos
B2: FECHA | D2: ='Dia (1)'!D2+_xlfn.SHEET()-1 -> 46293
H3: Salida | J3: Llegada
B4: Interno | D4: Tipo | E4: Marca | F4: Modelo | G4: Personal Asignado | H4: Lugar | I4: Horario | J4: Lugar | K4: Horario | L4: Uso | M4: Observaciones | N4: Estado
A5: 1 | B5: GDU001 | C5: =VLOOKUP(B5,unidad,2) -> Liviano | D5: =VLOOKUP(B5,unidad,3) -> FIAT | E5: =VLOOKUP(B5,unidad,4) -> UNO | F5: =VLOOKUP(B5,unidad,5) -> EYI 197 | H5: Base | J5: Base | N5: 0 | O5: =VLOOKUP(N5,estado,3) -> Seleccione Estado
A6: =+A5+1 -> 2 | B6: GDU002 | C6: =VLOOKUP(B6,unidad,2) -> Liviano | D6: =VLOOKUP(B6,unidad,3) -> FIAT | E6: =VLOOKUP(B6,unidad,4) -> UNO | F6: =VLOOKUP(B6,unidad,5) -> ODQ 087 | H6: Base | J6: Base | N6: 0 | O6: =VLOOKUP(N6,estado,3) -> Seleccione Estado
A7: =+A6+1 -> 3 | B7: GDU011 | C7: =VLOOKUP(B7,unidad,2) -> Liviano | D7: =VLOOKUP(B7,unidad,3) -> CHEVROLET | E7: =VLOOKUP(B7,unidad,4) -> CELTA | F7: =VLOOKUP(B7,unidad,5) -> MEE 670 | H7: Base | J7: Base | N7: 0 | O7: =VLOOKUP(N7,estado,3) -> Seleccione Estado
A8: =+A7+1 -> 4 | B8: GDU053 | C8: =VLOOKUP(B8,unidad,2) -> Liviano | D8: =VLOOKUP(B8,unidad,3) -> FIAT | E8: =VLOOKUP(B8,unidad,4) -> FIORINO | F8: =VLOOKUP(B8,unidad,5) -> MHX 920 | H8: Base | J8: Base | N8: 0 | O8: =VLOOKUP(N8,estado,3) -> Seleccione Estado
A9: =+A8+1 -> 5 | B9: GDU061 | C9: =VLOOKUP(B9,unidad,2) -> Liviano | D9: =VLOOKUP(B9,unidad,3) -> RENAULT | E9: =VLOOKUP(B9,unidad,4) -> KANGOO | F9: =VLOOKUP(B9,unidad,5) -> AF 677 IV | H9: Base | J9: Base | N9: 0 | O9: =VLOOKUP(N9,estado,3) -> Seleccione Estado
A10: =+A9+1 -> 6 | B10: GDU055 | C10: =VLOOKUP(B10,unidad,2) -> Liviano | D10: =VLOOKUP(B10,unidad,3) -> VOLKSWAGEN | E10: =VLOOKUP(B10,unidad,4) -> AMAROK | F10: =VLOOKUP(B10,unidad,5) -> OGZ 054 | H10: Base | J10: Base | N10: 0 | O10: =VLOOKUP(N10,estado,3) -> Seleccione Estado
A11: =+A10+1 -> 7 | B11: GDU056 | C11: =VLOOKUP(B11,unidad,2) -> Liviano | D11: =VLOOKUP(B11,unidad,3) -> VOLKSWAGEN | E11: =VLOOKUP(B11,unidad,4) -> AMAROK | F11: =VLOOKUP(B11,unidad,5) -> AA 087 LA | H11: Base | J11: Base | N11: 0 | O11: =VLOOKUP(N11,estado,3) -> Seleccione Estado
A12: =+A11+1 -> 8 | B12: GDU057 | C12: =VLOOKUP(B12,unidad,2) -> Liviano | D12: =VLOOKUP(B12,unidad,3) -> VOLKSWAGEN | E12: =VLOOKUP(B12,unidad,4) -> AMAROK | F12: =VLOOKUP(B12,unidad,5) -> NZF 438 | H12: Base | J12: Base | N12: 0 | O12: =VLOOKUP(N12,estado,3) -> Seleccione Estado
A13: =+A12+1 -> 9 | B13: GDU064 | C13: =VLOOKUP(B13,unidad,2) -> Liviano | D13: =VLOOKUP(B13,unidad,3) -> FIAT | E13: =VLOOKUP(B13,unidad,4) -> STRADA | F13: =VLOOKUP(B13,unidad,5) -> AH210SR | H13: Base | J13: Base | N13: 0 | O13: =VLOOKUP(N13,estado,3) -> Seleccione Estado
A14: =+A13+1 -> 10 | B14: GDU065 | C14: =VLOOKUP(B14,unidad,2) -> Liviano | D14: =VLOOKUP(B14,unidad,3) -> FIAT | E14: =VLOOKUP(B14,unidad,4) -> FIORINO | F14: =VLOOKUP(B14,unidad,5) -> AH255OH | H14: Base | J14: Base | N14: 0 | O14: =VLOOKUP(N14,estado,3) -> Seleccione Estado
A15: =+A14+1 -> 11 | B15: GDU063 | C15: =VLOOKUP(B15,unidad,2) -> Liviano | D15: =VLOOKUP(B15,unidad,3) -> TOYOTA | E15: =VLOOKUP(B15,unidad,4) -> HILUX | F15: =VLOOKUP(B15,unidad,5) -> AD761JW | H15: Base | J15: Base | N15: 0 | O15: =VLOOKUP(N15,estado,3) -> Seleccione Estado
A16: =+A15+1 -> 12 | B16: GDU061 | C16: =VLOOKUP(B16,unidad,2) -> Liviano | D16: RENAULT | E16: KANGOO | F16: AF677IV | H16: Base | J16: Base | N16: 0 | O16: =VLOOKUP(N16,estado,3) -> Seleccione Estado
A17: =+A16+1 -> 13 | B17: GDU064 | C17: =VLOOKUP(B17,unidad,2) -> Liviano | D17: =VLOOKUP(B17,unidad,3) -> FIAT | E17: =VLOOKUP(B17,unidad,4) -> STRADA | F17: =VLOOKUP(B17,unidad,5) -> AH210SR | H17: Base | J17: Base | N17: 0 | O17: =VLOOKUP(N17,estado,3) -> Seleccione Estado
A18: =+A17+1 -> 14 | B18: GDU000 | C18: =VLOOKUP(B18,unidad,2) -> Selecciona Equipo | D18: =VLOOKUP(B18,unidad,3) -> 0 | E18: =VLOOKUP(B18,unidad,4) -> 0 | F18: =VLOOKUP(B18,unidad,5) -> 0 | H18: Base | J18: Base | N18: 0 | O18: =VLOOKUP(N18,estado,3) -> Seleccione Estado
A19: =+A18+1 -> 15 | B19: GDU000 | C19: =VLOOKUP(B19,unidad,2) -> Selecciona Equipo | D19: =VLOOKUP(B19,unidad,3) -> 0 | E19: =VLOOKUP(B19,unidad,4) -> 0 | F19: =VLOOKUP(B19,unidad,5) -> 0 | H19: Base | J19: Base | N19: 0 | O19: =VLOOKUP(N19,estado,3) -> Seleccione Estado
A20: =+A19+1 -> 16 | B20: GDU000 | C20: =VLOOKUP(B20,unidad,2) -> Selecciona Equipo | D20: =VLOOKUP(B20,unidad,3) -> 0 | E20: =VLOOKUP(B20,unidad,4) -> 0 | F20: =VLOOKUP(B20,unidad,5) -> 0 | H20: Base | J20: Base | N20: 0 | O20: =VLOOKUP(N20,estado,3) -> Seleccione Estado

Sheet Dia (29)
B1: Asignacion y uso de Vehiculos Livianos
B2: FECHA | D2: ='Dia (1)'!D2+_xlfn.SHEET()-1 -> 46294
H3: Salida | J3: Llegada
B4: Interno | D4: Tipo | E4: Marca | F4: Modelo | G4: Personal Asignado | H4: Lugar | I4: Horario | J4: Lugar | K4: Horario | L4: Uso | M4: Observaciones | N4: Estado
A5: 1 | B5: GDU001 | C5: =VLOOKUP(B5,unidad,2) -> Liviano | D5: =VLOOKUP(B5,unidad,3) -> FIAT | E5: =VLOOKUP(B5,unidad,4) -> UNO | F5: =VLOOKUP(B5,unidad,5) -> EYI 197 | H5: Base | J5: Base | N5: 0 | O5: =VLOOKUP(N5,estado,3) -> Seleccione Estado
A6: =+A5+1 -> 2 | B6: GDU002 | C6: =VLOOKUP(B6,unidad,2) -> Liviano | D6: =VLOOKUP(B6,unidad,3) -> FIAT | E6: =VLOOKUP(B6,unidad,4) -> UNO | F6: =VLOOKUP(B6,unidad,5) -> ODQ 087 | H6: Base | J6: Base | N6: 0 | O6: =VLOOKUP(N6,estado,3) -> Seleccione Estado
A7: =+A6+1 -> 3 | B7: GDU011 | C7: =VLOOKUP(B7,unidad,2) -> Liviano | D7: =VLOOKUP(B7,unidad,3) -> CHEVROLET | E7: =VLOOKUP(B7,unidad,4) -> CELTA | F7: =VLOOKUP(B7,unidad,5) -> MEE 670 | H7: Base | J7: Base | N7: 0 | O7: =VLOOKUP(N7,estado,3) -> Seleccione Estado
A8: =+A7+1 -> 4 | B8: GDU053 | C8: =VLOOKUP(B8,unidad,2) -> Liviano | D8: =VLOOKUP(B8,unidad,3) -> FIAT | E8: =VLOOKUP(B8,unidad,4) -> FIORINO | F8: =VLOOKUP(B8,unidad,5) -> MHX 920 | H8: Base | J8: Base | N8: 0 | O8: =VLOOKUP(N8,estado,3) -> Seleccione Estado
A9: =+A8+1 -> 5 | B9: GDU061 | C9: =VLOOKUP(B9,unidad,2) -> Liviano | D9: =VLOOKUP(B9,unidad,3) -> RENAULT | E9: =VLOOKUP(B9,unidad,4) -> KANGOO | F9: =VLOOKUP(B9,unidad,5) -> AF 677 IV | H9: Base | J9: Base | N9: 0 | O9: =VLOOKUP(N9,estado,3) -> Seleccione Estado
A10: =+A9+1 -> 6 | B10: GDU055 | C10: =VLOOKUP(B10,unidad,2) -> Liviano | D10: =VLOOKUP(B10,unidad,3) -> VOLKSWAGEN | E10: =VLOOKUP(B10,unidad,4) -> AMAROK | F10: =VLOOKUP(B10,unidad,5) -> OGZ 054 | H10: Base | J10: Base | N10: 0 | O10: =VLOOKUP(N10,estado,3) -> Seleccione Estado
A11: =+A10+1 -> 7 | B11: GDU056 | C11: =VLOOKUP(B11,unidad,2) -> Liviano | D11: =VLOOKUP(B11,unidad,3) -> VOLKSWAGEN | E11: =VLOOKUP(B11,unidad,4) -> AMAROK | F11: =VLOOKUP(B11,unidad,5) -> AA 087 LA | H11: Base | J11: Base | N11: 0 | O11: =VLOOKUP(N11,estado,3) -> Seleccione Estado
A12: =+A11+1 -> 8 | B12: GDU057 | C12: =VLOOKUP(B12,unidad,2) -> Liviano | D12: =VLOOKUP(B12,unidad,3) -> VOLKSWAGEN | E12: =VLOOKUP(B12,unidad,4) -> AMAROK | F12: =VLOOKUP(B12,unidad,5) -> NZF 438 | H12: Base | J12: Base | N12: 0 | O12: =VLOOKUP(N12,estado,3) -> Seleccione Estado
A13: =+A12+1 -> 9 | B13: GDU064 | C13: =VLOOKUP(B13,unidad,2) -> Liviano | D13: =VLOOKUP(B13,unidad,3) -> FIAT | E13: =VLOOKUP(B13,unidad,4) -> STRADA | F13: =VLOOKUP(B13,unidad,5) -> AH210SR | H13: Base | J13: Base | N13: 0 | O13: =VLOOKUP(N13,estado,3) -> Seleccione Estado
A14: =+A13+1 -> 10 | B14: GDU065 | C14: =VLOOKUP(B14,unidad,2) -> Liviano | D14: =VLOOKUP(B14,unidad,3) -> FIAT | E14: =VLOOKUP(B14,unidad,4) -> FIORINO | F14: =VLOOKUP(B14,unidad,5) -> AH255OH | H14: Base | J14: Base | N14: 0 | O14: =VLOOKUP(N14,estado,3) -> Seleccione Estado
A15: =+A14+1 -> 11 | B15: GDU063 | C15: =VLOOKUP(B15,unidad,2) -> Liviano | D15: =VLOOKUP(B15,unidad,3) -> TOYOTA | E15: =VLOOKUP(B15,unidad,4) -> HILUX | F15: =VLOOKUP(B15,unidad,5) -> AD761JW | H15: Base | J15: Base | N15: 0 | O15: =VLOOKUP(N15,estado,3) -> Seleccione Estado
A16: =+A15+1 -> 12 | B16: GDU061 | C16: =VLOOKUP(B16,unidad,2) -> Liviano | D16: RENAULT | E16: KANGOO | F16: AF677IV | H16: Base | J16: Base | N16: 0 | O16: =VLOOKUP(N16,estado,3) -> Seleccione Estado
A17: =+A16+1 -> 13 | B17: GDU064 | C17: =VLOOKUP(B17,unidad,2) -> Liviano | D17: =VLOOKUP(B17,unidad,3) -> FIAT | E17: =VLOOKUP(B17,unidad,4) -> STRADA | F17: =VLOOKUP(B17,unidad,5) -> AH210SR | H17: Base | J17: Base | N17: 0 | O17: =VLOOKUP(N17,estado,3) -> Seleccione Estado
A18: =+A17+1 -> 14 | B18: GDU000 | C18: =VLOOKUP(B18,unidad,2) -> Selecciona Equipo | D18: =VLOOKUP(B18,unidad,3) -> 0 | E18: =VLOOKUP(B18,unidad,4) -> 0 | F18: =VLOOKUP(B18,unidad,5) -> 0 | H18: Base | J18: Base | N18: 0 | O18: =VLOOKUP(N18,estado,3) -> Seleccione Estado
A19: =+A18+1 -> 15 | B19: GDU000 | C19: =VLOOKUP(B19,unidad,2) -> Selecciona Equipo | D19: =VLOOKUP(B19,unidad,3) -> 0 | E19: =VLOOKUP(B19,unidad,4) -> 0 | F19: =VLOOKUP(B19,unidad,5) -> 0 | H19: Base | J19: Base | N19: 0 | O19: =VLOOKUP(N19,estado,3) -> Seleccione Estado
A20: =+A19+1 -> 16 | B20: GDU000 | C20: =VLOOKUP(B20,unidad,2) -> Selecciona Equipo | D20: =VLOOKUP(B20,unidad,3) -> 0 | E20: =VLOOKUP(B20,unidad,4) -> 0 | F20: =VLOOKUP(B20,unidad,5) -> 0 | H20: Base | J20: Base | N20: 0 | O20: =VLOOKUP(N20,estado,3) -> Seleccione Estado

Sheet Dia (30)
B1: Asignacion y uso de Vehiculos Livianos
B2: FECHA | D2: ='Dia (1)'!D2+_xlfn.SHEET()-1 -> 46295
H3: Salida | J3: Llegada
B4: Interno | D4: Tipo | E4: Marca | F4: Modelo | G4: Personal Asignado | H4: Lugar | I4: Horario | J4: Lugar | K4: Horario | L4: Uso | M4: Observaciones | N4: Estado
A5: 1 | B5: GDU001 | C5: =VLOOKUP(B5,unidad,2) -> Liviano | D5: =VLOOKUP(B5,unidad,3) -> FIAT | E5: =VLOOKUP(B5,unidad,4) -> UNO | F5: =VLOOKUP(B5,unidad,5) -> EYI 197 | H5: Base | J5: Base | N5: 0 | O5: =VLOOKUP(N5,estado,3) -> Seleccione Estado
A6: =+A5+1 -> 2 | B6: GDU002 | C6: =VLOOKUP(B6,unidad,2) -> Liviano | D6: =VLOOKUP(B6,unidad,3) -> FIAT | E6: =VLOOKUP(B6,unidad,4) -> UNO | F6: =VLOOKUP(B6,unidad,5) -> ODQ 087 | H6: Base | J6: Base | N6: 0 | O6: =VLOOKUP(N6,estado,3) -> Seleccione Estado
A7: =+A6+1 -> 3 | B7: GDU011 | C7: =VLOOKUP(B7,unidad,2) -> Liviano | D7: =VLOOKUP(B7,unidad,3) -> CHEVROLET | E7: =VLOOKUP(B7,unidad,4) -> CELTA | F7: =VLOOKUP(B7,unidad,5) -> MEE 670 | H7: Base | J7: Base | N7: 0 | O7: =VLOOKUP(N7,estado,3) -> Seleccione Estado
A8: =+A7+1 -> 4 | B8: GDU053 | C8: =VLOOKUP(B8,unidad,2) -> Liviano | D8: =VLOOKUP(B8,unidad,3) -> FIAT | E8: =VLOOKUP(B8,unidad,4) -> FIORINO | F8: =VLOOKUP(B8,unidad,5) -> MHX 920 | H8: Base | J8: Base | N8: 0 | O8: =VLOOKUP(N8,estado,3) -> Seleccione Estado
A9: =+A8+1 -> 5 | B9: GDU061 | C9: =VLOOKUP(B9,unidad,2) -> Liviano | D9: =VLOOKUP(B9,unidad,3) -> RENAULT | E9: =VLOOKUP(B9,unidad,4) -> KANGOO | F9: =VLOOKUP(B9,unidad,5) -> AF 677 IV | H9: Base | J9: Base | N9: 0 | O9: =VLOOKUP(N9,estado,3) -> Seleccione Estado
A10: =+A9+1 -> 6 | B10: GDU055 | C10: =VLOOKUP(B10,unidad,2) -> Liviano | D10: =VLOOKUP(B10,unidad,3) -> VOLKSWAGEN | E10: =VLOOKUP(B10,unidad,4) -> AMAROK | F10: =VLOOKUP(B10,unidad,5) -> OGZ 054 | H10: Base | J10: Base | N10: 0 | O10: =VLOOKUP(N10,estado,3) -> Seleccione Estado
A11: =+A10+1 -> 7 | B11: GDU056 | C11: =VLOOKUP(B11,unidad,2) -> Liviano | D11: =VLOOKUP(B11,unidad,3) -> VOLKSWAGEN | E11: =VLOOKUP(B11,unidad,4) -> AMAROK | F11: =VLOOKUP(B11,unidad,5) -> AA 087 LA | H11: Base | J11: Base | N11: 0 | O11: =VLOOKUP(N11,estado,3) -> Seleccione Estado
A12: =+A11+1 -> 8 | B12: GDU057 | C12: =VLOOKUP(B12,unidad,2) -> Liviano | D12: =VLOOKUP(B12,unidad,3) -> VOLKSWAGEN | E12: =VLOOKUP(B12,unidad,4) -> AMAROK | F12: =VLOOKUP(B12,unidad,5) -> NZF 438 | H12: Base | J12: Base | N12: 0 | O12: =VLOOKUP(N12,estado,3) -> Seleccione Estado
A13: =+A12+1 -> 9 | B13: GDU064 | C13: =VLOOKUP(B13,unidad,2) -> Liviano | D13: =VLOOKUP(B13,unidad,3) -> FIAT | E13: =VLOOKUP(B13,unidad,4) -> STRADA | F13: =VLOOKUP(B13,unidad,5) -> AH210SR | H13: Base | J13: Base | N13: 0 | O13: =VLOOKUP(N13,estado,3) -> Seleccione Estado
A14: =+A13+1 -> 10 | B14: GDU065 | C14: =VLOOKUP(B14,unidad,2) -> Liviano | D14: =VLOOKUP(B14,unidad,3) -> FIAT | E14: =VLOOKUP(B14,unidad,4) -> FIORINO | F14: =VLOOKUP(B14,unidad,5) -> AH255OH | H14: Base | J14: Base | N14: 0 | O14: =VLOOKUP(N14,estado,3) -> Seleccione Estado
A15: =+A14+1 -> 11 | B15: GDU063 | C15: =VLOOKUP(B15,unidad,2) -> Liviano | D15: =VLOOKUP(B15,unidad,3) -> TOYOTA | E15: =VLOOKUP(B15,unidad,4) -> HILUX | F15: =VLOOKUP(B15,unidad,5) -> AD761JW | H15: Base | J15: Base | N15: 0 | O15: =VLOOKUP(N15,estado,3) -> Seleccione Estado
A16: =+A15+1 -> 12 | B16: GDU061 | C16: =VLOOKUP(B16,unidad,2) -> Liviano | D16: RENAULT | E16: KANGOO | F16: AF677IV | H16: Base | J16: Base | N16: 0 | O16: =VLOOKUP(N16,estado,3) -> Seleccione Estado
A17: =+A16+1 -> 13 | B17: GDU064 | C17: =VLOOKUP(B17,unidad,2) -> Liviano | D17: =VLOOKUP(B17,unidad,3) -> FIAT | E17: =VLOOKUP(B17,unidad,4) -> STRADA | F17: =VLOOKUP(B17,unidad,5) -> AH210SR | H17: Base | J17: Base | N17: 0 | O17: =VLOOKUP(N17,estado,3) -> Seleccione Estado
A18: =+A17+1 -> 14 | B18: GDU000 | C18: =VLOOKUP(B18,unidad,2) -> Selecciona Equipo | D18: =VLOOKUP(B18,unidad,3) -> 0 | E18: =VLOOKUP(B18,unidad,4) -> 0 | F18: =VLOOKUP(B18,unidad,5) -> 0 | H18: Base | J18: Base | N18: 0 | O18: =VLOOKUP(N18,estado,3) -> Seleccione Estado
A19: =+A18+1 -> 15 | B19: GDU000 | C19: =VLOOKUP(B19,unidad,2) -> Selecciona Equipo | D19: =VLOOKUP(B19,unidad,3) -> 0 | E19: =VLOOKUP(B19,unidad,4) -> 0 | F19: =VLOOKUP(B19,unidad,5) -> 0 | H19: Base | J19: Base | N19: 0 | O19: =VLOOKUP(N19,estado,3) -> Seleccione Estado
A20: =+A19+1 -> 16 | B20: GDU000 | C20: =VLOOKUP(B20,unidad,2) -> Selecciona Equipo | D20: =VLOOKUP(B20,unidad,3) -> 0 | E20: =VLOOKUP(B20,unidad,4) -> 0 | F20: =VLOOKUP(B20,unidad,5) -> 0 | H20: Base | J20: Base | N20: 0 | O20: =VLOOKUP(N20,estado,3) -> Seleccione Estado

Sheet Dia (31)
B1: Asignacion y uso de Vehiculos Livianos
B2: FECHA | D2: ='Dia (1)'!D2+_xlfn.SHEET()-1 -> 46296
H3: Salida | J3: Llegada
B4: Interno | D4: Tipo | E4: Marca | F4: Modelo | G4: Personal Asignado | H4: Lugar | I4: Horario | J4: Lugar | K4: Horario | L4: Uso | M4: Observaciones | N4: Estado
A5: 1 | B5: GDU001 | C5: =VLOOKUP(B5,unidad,2) -> Liviano | D5: =VLOOKUP(B5,unidad,3) -> FIAT | E5: =VLOOKUP(B5,unidad,4) -> UNO | F5: =VLOOKUP(B5,unidad,5) -> EYI 197 | H5: Base | J5: Base | N5: 0 | O5: =VLOOKUP(N5,estado,3) -> Seleccione Estado
A6: =+A5+1 -> 2 | B6: GDU002 | C6: =VLOOKUP(B6,unidad,2) -> Liviano | D6: =VLOOKUP(B6,unidad,3) -> FIAT | E6: =VLOOKUP(B6,unidad,4) -> UNO | F6: =VLOOKUP(B6,unidad,5) -> ODQ 087 | H6: Base | J6: Base | N6: 0 | O6: =VLOOKUP(N6,estado,3) -> Seleccione Estado
A7: =+A6+1 -> 3 | B7: GDU011 | C7: =VLOOKUP(B7,unidad,2) -> Liviano | D7: =VLOOKUP(B7,unidad,3) -> CHEVROLET | E7: =VLOOKUP(B7,unidad,4) -> CELTA | F7: =VLOOKUP(B7,unidad,5) -> MEE 670 | H7: Base | J7: Base | N7: 0 | O7: =VLOOKUP(N7,estado,3) -> Seleccione Estado
A8: =+A7+1 -> 4 | B8: GDU053 | C8: =VLOOKUP(B8,unidad,2) -> Liviano | D8: =VLOOKUP(B8,unidad,3) -> FIAT | E8: =VLOOKUP(B8,unidad,4) -> FIORINO | F8: =VLOOKUP(B8,unidad,5) -> MHX 920 | H8: Base | J8: Base | N8: 0 | O8: =VLOOKUP(N8,estado,3) -> Seleccione Estado
A9: =+A8+1 -> 5 | B9: GDU061 | C9: =VLOOKUP(B9,unidad,2) -> Liviano | D9: =VLOOKUP(B9,unidad,3) -> RENAULT | E9: =VLOOKUP(B9,unidad,4) -> KANGOO | F9: =VLOOKUP(B9,unidad,5) -> AF 677 IV | H9: Base | J9: Base | N9: 0 | O9: =VLOOKUP(N9,estado,3) -> Seleccione Estado
A10: =+A9+1 -> 6 | B10: GDU055 | C10: =VLOOKUP(B10,unidad,2) -> Liviano | D10: =VLOOKUP(B10,unidad,3) -> VOLKSWAGEN | E10: =VLOOKUP(B10,unidad,4) -> AMAROK | F10: =VLOOKUP(B10,unidad,5) -> OGZ 054 | H10: Base | J10: Base | N10: 0 | O10: =VLOOKUP(N10,estado,3) -> Seleccione Estado
A11: =+A10+1 -> 7 | B11: GDU056 | C11: =VLOOKUP(B11,unidad,2) -> Liviano | D11: =VLOOKUP(B11,unidad,3) -> VOLKSWAGEN | E11: =VLOOKUP(B11,unidad,4) -> AMAROK | F11: =VLOOKUP(B11,unidad,5) -> AA 087 LA | H11: Base | J11: Base | N11: 0 | O11: =VLOOKUP(N11,estado,3) -> Seleccione Estado
A12: =+A11+1 -> 8 | B12: GDU057 | C12: =VLOOKUP(B12,unidad,2) -> Liviano | D12: =VLOOKUP(B12,unidad,3) -> VOLKSWAGEN | E12: =VLOOKUP(B12,unidad,4) -> AMAROK | F12: =VLOOKUP(B12,unidad,5) -> NZF 438 | H12: Base | J12: Base | N12: 0 | O12: =VLOOKUP(N12,estado,3) -> Seleccione Estado
A13: =+A12+1 -> 9 | B13: GDU064 | C13: =VLOOKUP(B13,unidad,2) -> Liviano | D13: =VLOOKUP(B13,unidad,3) -> FIAT | E13: =VLOOKUP(B13,unidad,4) -> STRADA | F13: =VLOOKUP(B13,unidad,5) -> AH210SR | H13: Base | J13: Base | N13: 0 | O13: =VLOOKUP(N13,estado,3) -> Seleccione Estado
A14: =+A13+1 -> 10 | B14: GDU065 | C14: =VLOOKUP(B14,unidad,2) -> Liviano | D14: =VLOOKUP(B14,unidad,3) -> FIAT | E14: =VLOOKUP(B14,unidad,4) -> FIORINO | F14: =VLOOKUP(B14,unidad,5) -> AH255OH | H14: Base | J14: Base | N14: 0 | O14: =VLOOKUP(N14,estado,3) -> Seleccione Estado
A15: =+A14+1 -> 11 | B15: GDU063 | C15: =VLOOKUP(B15,unidad,2) -> Liviano | D15: =VLOOKUP(B15,unidad,3) -> TOYOTA | E15: =VLOOKUP(B15,unidad,4) -> HILUX | F15: =VLOOKUP(B15,unidad,5) -> AD761JW | H15: Base | J15: Base | N15: 0 | O15: =VLOOKUP(N15,estado,3) -> Seleccione Estado
A16: =+A15+1 -> 12 | B16: GDU061 | C16: =VLOOKUP(B16,unidad,2) -> Liviano | D16: RENAULT | E16: KANGOO | F16: AF677IV | H16: Base | J16: Base | N16: 0 | O16: =VLOOKUP(N16,estado,3) -> Seleccione Estado
A17: =+A16+1 -> 13 | B17: GDU064 | C17: =VLOOKUP(B17,unidad,2) -> Liviano | D17: =VLOOKUP(B17,unidad,3) -> FIAT | E17: =VLOOKUP(B17,unidad,4) -> STRADA | F17: =VLOOKUP(B17,unidad,5) -> AH210SR | H17: Base | J17: Base | N17: 0 | O17: =VLOOKUP(N17,estado,3) -> Seleccione Estado
A18: =+A17+1 -> 14 | B18: GDU000 | C18: =VLOOKUP(B18,unidad,2) -> Selecciona Equipo | D18: =VLOOKUP(B18,unidad,3) -> 0 | E18: =VLOOKUP(B18,unidad,4) -> 0 | F18: =VLOOKUP(B18,unidad,5) -> 0 | H18: Base | J18: Base | N18: 0 | O18: =VLOOKUP(N18,estado,3) -> Seleccione Estado
A19: =+A18+1 -> 15 | B19: GDU000 | C19: =VLOOKUP(B19,unidad,2) -> Selecciona Equipo | D19: =VLOOKUP(B19,unidad,3) -> 0 | E19: =VLOOKUP(B19,unidad,4) -> 0 | F19: =VLOOKUP(B19,unidad,5) -> 0 | H19: Base | J19: Base | N19: 0 | O19: =VLOOKUP(N19,estado,3) -> Seleccione Estado
A20: =+A19+1 -> 16 | B20: GDU000 | C20: =VLOOKUP(B20,unidad,2) -> Selecciona Equipo | D20: =VLOOKUP(B20,unidad,3) -> 0 | E20: =VLOOKUP(B20,unidad,4) -> 0 | F20: =VLOOKUP(B20,unidad,5) -> 0 | H20: Base | J20: Base | N20: 0 | O20: =VLOOKUP(N20,estado,3) -> Seleccione Estado

Sheet Empresas
A1: Codigo | B1: Razon Social | C1: Empresa | D1: Cuit | E1: Fecha de Cierre Contable
A2: GDE01 | B2: Gruas Daniele SRL | C2: Gruas Daniele SRL | D2: 30-70755850-0 | E2: 42674
A3: GDE02 | B3: Daniele Edgardo Rodolfo | C3: Transportes Daniele | D3: 20-17196140-9 | E3: 42735
A4: GDE03 | B4: Daniele Nicolas Marvin | C4: Movimientos Industriales Oeste | D4: 20-93759578-7 | E4: 42735
A5: GDE04 | B5: Daniele Calvin y Daniele Jayson SH | C5: Universal Cranes | D5: 30-71218531-3 | E5: 42735
A6: GDE05 | B6: Ehingen Service SRL | C6: Ehingen Service SRL | D6: 30-71410111-7 | E6: 42490
A7: GDE06 | B7: West Group SH | C7: West Group SH | D7: 30-71084691-6 | E7: 42735
A8: GDE07 | B8: Daniele Jayson Edgar | C8: Daniele Jayson Edgar | D8: 20-93759576-0 | E8: 42735
A9: GDE08 | B9: Game Rental SRL | C9: Game Rental SRL | D9: 30-71533904-4
A10: GDE09 | B10: LH Group SH | C10: LH Group SH | D10: 30-71527320-5 | E10: a definir
A13: GDE020 | B13: Salomon Silvana | C13: Salomon Silvana
A15: 0 | C15: Seleccione Estado
A16: 1 | C16: En ejecucion
A17: 2 | C17: A confirmar
A18: 3 | C18: Finalizado
A22: 0 | C22: Seleccione Gestion
A23: 1 | C23: PERMISO CORTE
A24: 2 | C24: TRASLADO CARRETON
A25: 3 | C25: OTROS
A28: GDL001 | C28: Base
A29: GDL002 | C29: Casona
A30: GDL003 | C30: Concesionario
A31: GDL004 | C31: Domicilio
A32: GDL005 | C32: Otros
A33: GDL006 | C33: Selección Lugar
A34: GDL007 | C34: Mantenimiento
A35: GDL008 | C35: Taller Externo

Sheet Personal
A1: GDE04 | B1: Acosta Daniel Horacio | C1: Universal Cranes | D1: GDL016
A2: GDE03 | B2: Almaraz Dominguez Ricardo | C2: Daniele Nicolas Marvin | D2: GDL010
A3: GDE05 | B3: Almiron Cristian | C3: Ehingen Service SRL
A4: GDE01 | B4: Arocha Sergio Anibal | C4: Gruas Daniele SRL | D4: GDL001
A5: GDE01 | B5: Barreto Braian Jose | C5: West Group SH
A6: GDE03 | B6: Barrionuevo Claudio Andres | C6: Daniele Nicolas Marvin | D6: GDL068
A7: GDE04 | B7: Benitez Pablo Martin | C7: Universal Cranes | D7: GDL090
A8: GDE04 | B8: Bordones Requena Jordan | C8: Universal Cranes
A9: GDE05 | B9: Cabrera Hugo Daniel | C9: Daniele Nicolas Marvin | D9: GDL060
A10: GDE02 | B10: Caminatti Luis | C10: Daniele Edgardo Rodolfo | D10: GDL007
B11: Campos Fernandez Jose Antonio | C11: Hard Norton Rental SRL
A12: GDE03 | B12: Cano Aldo Ruben | C12: Daniele Nicolas Marvin
A13: GDE04 | B13: Cano Pablo Martin | C13: Universal Cranes | D13: GDL047
A14: GDE06 | B14: Chavez Carlos Cesar | C14: West Group SH | D14: GDL032
A15: GDE02 | B15: Ciocca Maria Florencia | C15: Daniele Edgardo Rodolfo | D15: GDL008
A16: GDE04 | B16: Cuevas Miguel Hector | C16: Universal Cranes | D16: GDL017
A17: GDE04 | B17: Daniele Calvin Max | C17: Universal Cranes | D17: GDL901
A18: GDE02 | B18: Daniele Edgardo | C18: Daniele Edgardo Rodolfo | D18: GDL900
A19: GDE04 | B19: Daniele Jayson Edgar | C19: Universal Cranes | D19: GDL902
A20: GDE03 | B20: Daniele Nicolas Marvin | C20: Daniele Nicolas Marvin | D20: GDL903
A21: GDE01 | B21: De Felippe Miguel | C21: Gruas Daniele SRL | D21: GDL002
A22: GDE01 | B22: Frano Gabriela Vanesa | C22: Gruas Daniele SRL | D22: GDL003
A23: GDE05 | B23: Fuentes Jorge | C23: Ehingen Service SRL | D23: GDL052
A24: GDE06 | B24: Gaitano Gerardo Ruben | C24: West Group SH | D24: GDL050
... A30: GDE01 | B30: Ibañez Manuel | C30: Gruas Daniele SRL | D30: GDL004
B31: Ibiri Jose
A32: GDE08 | B32: Jimenez Manuel Ernesto | C32: Game Rental SRL | D32: GDU087
A33: GDE03 | B33: Ledesma Daniel Ramon | C33: Daniele Nicolas Marvin
A34: GDE06 | B34: Molina Dario Walter | C34: West Group SH | D34: GDL029
A35: GDE08 | B35: Molina Rodrigo | C35: Hard Norton Rental SRL | D35: GDL088
A36: GDE08 | B36: Montenegro Mariano | C36: Hard Norton Rental SRL | D36: GDL043
B37: Montenegro Matias | C37: Hard Norton Rental SRL
A38: GDE06 | B38: Nappi Juan Manuel | C38: West Group SH | D38: GDL036
B39: Nappi Kevin Ezequiel | C39: Hard Norton Rental SRL
A40: GDE05 | B40: Pais Abel | C40: Ehingen Service SRL | D40: GDL116
A41: GDE04 | B41: Pereyra Cristian Javier | C41: Universal Cranes | D41: GDL022
A42: GDE03 | B42: Pereyra Machado Fernando | C42: Daniele Nicolas Marvin | D42: GDL088
A43: GDE08 | B43: Recines Alejandro | C43: Game Rental SRL | D43: GDL905
B44: Rios Franco Andres | C44: Hard Norton Rental SRL
A45: GDE01 | B45: Salvo Jonathan Nicolas | C45: West Group SH
A46: GDE04 | B46: Sucheñia Lucas Abel | C46: Universal Cranes
A47: GDE05 | B47: Toloza Lucas | C47: Ehingen Service SRL | D47: GDL074
A48: GDE03 | B48: Torres Franco Nicolas | C48: Daniele Nicolas Marvin
A49: GDE06 | B49: Trovato Carlos Alberto | C49: West Group SH | D49: GDL014
A50: GDE05 | B50: Vazquez David Gabriel | C50: Ehingen Service SRL | D50: GDL031
A51: GDE01 | B51: Vega Jorge Luis | C51: Gruas Daniele SRL | D51: GDL006
A52: GDE03 | B52: Zyrak Nicolas Javier | C52: Daniele Nicolas Marvin | D52: GDL015

Sheet Unidades
A1: GD Listado de Equipos
A3: # | B3: Nuevo Interno | C3: Tipo | D3: Marca | E3: Modelo | F3: Patente
A4: 0 | B4: GDU000 | C4: Selecciona Equipo
A5: 1 | B5: GDU001 | C5: Liviano | D5: FIAT | E5: UNO | F5: EYI 197
A6: 2 | B6: GDU002 | C6: Liviano | D6: FIAT | E6: UNO | F6: ODQ 087
A7: 3 | B7: GDU011 | C7: Liviano | D7: CHEVROLET | E7: CELTA | F7: MEE 670
A8: 4 | B8: GDU053 | C8: Liviano | D8: FIAT | E8: FIORINO | F8: MHX 920
A9: 5 | B9: GDU055 | C9: Liviano | D9: VOLKSWAGEN | E9: AMAROK | F9: OGZ 054
A10: 6 | B10: GDU056 | C10: Liviano | D10: VOLKSWAGEN | E10: AMAROK | F10: AA 087 LA
A11: 7 | B11: GDU057 | C11: Liviano | D11: VOLKSWAGEN | E11: AMAROK | F11: NZF 438
A12: 8 | B12: GDU058 | C12: Liviano | D12: LIFAN | E12: FOISON CARGO | F12: AB 722 RN
A13: 9 | B13: GDU061 | C13: Liviano | D13: RENAULT | E13: KANGOO | F13: AF 677 IV
A14: 10 | B14: GDU063 | C14: Liviano | D14: TOYOTA | E14: HILUX | F14: AD761JW
A15: 11 | B15: GDU064 | C15: Liviano | D15: FIAT | E15: STRADA | F15: AH210SR
A16: 12 | B16: GDU065 | C16: Liviano | D16: FIAT | E16: FIORINO | F16: AH255OH
A17: 13 | B17: GDU100 | C17: Camion | D17: KIA | E17: K2500 | F17: ONT 594
